3886615,1754822580,BTC,2500,2500,0.4932,-34.9507,0.0014,0.0000,-6682.4785,3886506,0.4577,-3291.24
3854831,1752908760,BTC,2500,2500,0.4932,-34.9507,0.0014,0.0000,-6610.7275,3854722,0.4579,-3255.36
3886616,1754822640,BTC,2500,2500,0.4932,-34.9507,0.0014,0.0000,-6682.4980,3886507,0.4577,-3291.25
3854832,1752908820,BTC,2500,2500,0.4932,-34.9507,0.0014,0.0000,-6610.7080,3854723,0.4579,-3255.35
3886617,1754822700,BTC,2500,2500,0.4932,-34.9507,0.0014,0.0000,-6682.4785,3886508,0.4577,-3291.24
3886618,1754822760,BTC,2500,2500,0.4932,-34.9507,0.0014,0.0000,-6682.4980,3886509,0.4577,-3291.25
3854833,1752908880,BTC,2500,2500,0.4932,-34.9507,0.0014,0.0000,-6610.7275,3854724,0.4579,-3255.36
3886619,1754822820,BTC,2500,2500,0.4932,-34.9507,0.0014,0.0000,-6682.4785,3886510,0.4577,-3291.24
3854834,1752908940,BTC,2500,2500,0.4932,-34.9507,0.0014,0.0000,-6610.7480,3854725,0.4579,-3255.37
3886620,1754822880,BTC,2500,2500,0.4932,-34.9507,0.0014,0.0000,-6682.4980,3886511,0.4577,-3291.25
3854835,1752909000,BTC,2500,2500,0.4932,-34.9507,0.0014,0.0000,-6610.7681,3854726,0.4579,-3255.38
3886621,1754822940,BTC,2500,2500,0.4932,-34.9507,0.0014,0.0000,-6682.4785,3886512,0.4577,-3291.24
3854836,1752909060,BTC,2500,2500,0.4932,-34.9507,0.0014,0.0000,-6610.7881,3854727,0.4579,-3255.39
3886622,1754823000,BTC,2500,2500,0.4932,-34.9507,0.0014,0.0000,-6682.4575,3886513,0.4577,-3291.23
3886623,1754823060,BTC,2500,2500,0.4932,-34.9507,0.0014,0.0000,-6682.4785,3886514,0.4577,-3291.24
3854837,1752909120,BTC,2500,2500,0.4932,-34.9507,0.0014,0.0000,-6610.8076,3854728,0.4579,-3255.40
3886624,1754823120,BTC,2500,2500,0.4932,-34.9507,0.0014,0.0000,-6682.4575,3886515,0.4577,-3291.23
3854838,1752909180,BTC,2500,2500,0.4932,-34.9507,0.0014,0.0000,-6610.7881,3854729,0.4579,-3255.39
3886625,1754823180,BTC,2500,2500,0.4932,-34.9507,0.0014,0.0000,-6682.4785,3886516,0.4577,-3291.24
3854839,1752909240,BTC,2500,2500,0.4932,-34.9507,0.0014,0.0000,-6610.8076,3854730,0.4579,-3255.40
3886626,1754823240,BTC,2500,2500,0.4932,-34.9507,0.0014,0.0000,-6682.4575,3886517,0.4577,-3291.23
3886627,1754823300,BTC,2500,2500,0.4932,-34.9507,0.0014,0.0000,-6682.4785,3886518,0.4577,-3291.24
3854840,1752909300,BTC,2500,2500,0.4932,-34.9507,0.0014,0.0000,-6610.8286,3854731,0.4579,-3255.41
3886628,1754823360,BTC,2500,2500,0.4932,-34.9507,0.0014,0.0000,-6682.4575,3886519,0.4577,-3291.23
3854841,1752909360,BTC,2500,2500,0.4932,-34.9507,0.0014,0.0000,-6610.8076,3854732,0.4579,-3255.40
3886629,1754823420,BTC,2500,2500,0.4932,-34.9507,0.0014,0.0000,-6682.4380,3886520,0.4577,-3291.22
3886630,1754823480,BTC,2500,2500,0.4932,-34.9507,0.0014,0.0000,-6682.4180,3886521,0.4577,-3291.21
3854842,1752909420,BTC,2500,2500,0.4932,-34.9507,0.0014,0.0000,-6610.8286,3854733,0.4579,-3255.41
3886631,1754823540,BTC,2500,2500,0.4932,-34.9507,0.0014,0.0000,-6682.3984,3886522,0.4577,-3291.20
3854843,1752909480,BTC,2500,2500,0.4932,-34.9507,0.0014,0.0000,-6610.8076,3854734,0.4579,-3255.40
3886632,1754823600,BTC,2500,2500,0.4932,-34.9507,0.0014,0.0000,-6682.3774,3886523,0.4577,-3291.19
3886633,1754823660,BTC,2500,2500,0.4932,-34.9507,0.0014,0.0000,-6682.3579,3886524,0.4577,-3291.18
3854844,1752909540,BTC,2500,2500,0.4932,-34.9507,0.0014,0.0000,-6610.8286,3854735,0.4579,-3255.41
3886634,1754823720,BTC,2500,2500,0.4932,-34.9507,0.0014,0.0000,-6682.3379,3886525,0.4577,-3291.17
3854845,1752909600,BTC,2500,2500,0.4932,-34.9507,0.0014,0.0000,-6610.8481,3854736,0.4579,-3255.42
3886635,1754823780,BTC,2500,2500,0.4932,-34.9507,0.0014,0.0000,-6682.3184,3886526,0.4577,-3291.16
3854846,1752909660,BTC,2500,2500,0.4932,-34.9507,0.0014,0.0000,-6610.8682,3854737,0.4579,-3255.43
3886636,1754823840,BTC,2500,2500,0.4932,-34.9507,0.0014,0.0000,-6682.3379,3886527,0.4577,-3291.17
3886637,1754823900,BTC,2500,2500,0.4932,-34.9507,0.0014,0.0000,-6682.3184,3886528,0.4577,-3291.16
3854847,1752909720,BTC,2500,2500,0.4932,-34.9507,0.0014,0.0000,-6610.8481,3854738,0.4579,-3255.42
3886638,1754823960,BTC,2500,2500,0.4932,-34.9507,0.0014,0.0000,-6682.3379,3886529,0.4577,-3291.17
3854848,1752909780,BTC,2500,2500,0.4932,-34.9507,0.0014,0.0000,-6610.8682,3854739,0.4579,-3255.43
3886639,1754824020,BTC,2500,2500,0.4932,-34.9507,0.0014,0.0000,-6682.3184,3886530,0.4577,-3291.16
3854849,1752909840,BTC,2500,2500,0.4932,-34.9507,0.0014,0.0000,-6610.8877,3854740,0.4579,-3255.44
3886640,1754824080,BTC,2500,2500,0.4932,-34.9507,0.0014,0.0000,-6682.3379,3886531,0.4577,-3291.17
3854850,1752909900,BTC,2500,2500,0.4932,-34.9507,0.0014,0.0000,-6610.9087,3854741,0.4579,-3255.45
3886641,1754824140,BTC,2500,2500,0.4932,-34.9507,0.0014,0.0000,-6682.3579,3886532,0.4577,-3291.18
3854851,1752909960,BTC,2500,2500,0.4932,-34.9507,0.0014,0.0000,-6610.8877,3854742,0.4579,-3255.44
3886642,1754824200,BTC,2500,2500,0.4932,-34.9507,0.0014,0.0000,-6682.3379,3886533,0.4577,-3291.17
3854852,1752910020,BTC,2500,2500,0.4932,-34.9507,0.0014,0.0000,-6610.8682,3854743,0.4579,-3255.43
3886643,1754824260,BTC,2500,2500,0.4932,-34.9507,0.0014,0.0000,-6682.3579,3886534,0.4577,-3291.18
3886644,1754824320,BTC,2500,2500,0.4932,-34.9507,0.0014,0.0000,-6682.3774,3886535,0.4577,-3291.19
3854853,1752910080,BTC,2500,2500,0.4932,-34.9507,0.0014,0.0000,-6610.8481,3854744,0.4579,-3255.42
3886645,1754824380,BTC,2500,2500,0.4932,-34.9507,0.0014,0.0000,-6682.3984,3886536,0.4577,-3291.20
3854854,1752910140,BTC,2500,2500,0.4932,-34.9507,0.0014,0.0000,-6610.8286,3854745,0.4579,-3255.41
3886646,1754824440,BTC,2500,2500,0.4932,-34.9507,0.0014,0.0000,-6682.3774,3886537,0.4577,-3291.19
3886647,1754824500,BTC,2500,2500,0.4932,-34.9507,0.0014,0.0000,-6682.3984,3886538,0.4577,-3291.20
3854855,1752910200,BTC,2500,2500,0.4932,-34.9507,0.0014,0.0000,-6610.8481,3854746,0.4579,-3255.42
3886648,1754824560,BTC,2500,2500,0.4932,-34.9507,0.0014,0.0000,-6682.3774,3886539,0.4577,-3291.19
3854856,1752910260,BTC,2500,2500,0.4932,-34.9507,0.0014,0.0000,-6610.8286,3854747,0.4579,-3255.41
3886649,1754824620,BTC,2500,2500,0.4932,-34.9507,0.0014,0.0000,-6682.3579,3886540,0.4577,-3291.18
3854857,1752910320,BTC,2500,2500,0.4932,-34.9507,0.0014,0.0000,-6610.8076,3854748,0.4579,-3255.40
3886650,1754824680,BTC,2500,2500,0.4932,-34.9507,0.0014,0.0000,-6682.3774,3886541,0.4577,-3291.19
3854858,1752910380,BTC,2500,2500,0.4932,-34.9507,0.0014,0.0000,-6610.7881,3854749,0.4579,-3255.39
3854859,1752910440,BTC,2500,2500,0.4932,-34.9507,0.0014,0.0000,-6610.8076,3854750,0.4579,-3255.40
3886651,1754824740,BTC,2500,2500,0.4932,-34.9507,0.0014,0.0000,-6682.3984,3886542,0.4577,-3291.20
3854860,1752910500,BTC,2500,2500,0.4932,-34.9507,0.0014,0.0000,-6610.7881,3854751,0.4579,-3255.39
3886652,1754824800,BTC,2500,2500,0.4932,-34.9507,0.0014,0.0000,-6682.4180,3886543,0.4577,-3291.21
3854861,1752910560,BTC,2500,2500,0.4932,-34.9507,0.0014,0.0000,-6610.7681,3854752,0.4579,-3255.38
3854862,1752910620,BTC,2500,2500,0.4932,-34.9507,0.0014,0.0000,-6610.7881,3854753,0.4579,-3255.39
3886653,1754824860,BTC,2500,2500,0.4932,-34.9507,0.0014,0.0000,-6682.4380,3886544,0.4577,-3291.22
3854863,1752910680,BTC,2500,2500,0.4932,-34.9507,0.0014,0.0000,-6610.8076,3854754,0.4579,-3255.40
3886654,1754824920,BTC,2500,2500,0.4932,-34.9507,0.0014,0.0000,-6682.4180,3886545,0.4577,-3291.21
3854864,1752910740,BTC,2500,2500,0.4932,-34.9507,0.0014,0.0000,-6610.8286,3854755,0.4579,-3255.41
3886655,1754824980,BTC,2500,2500,0.4932,-34.9507,0.0014,0.0000,-6682.3984,3886546,0.4577,-3291.20
3854865,1752910800,BTC,2500,2500,0.4932,-34.9507,0.0014,0.0000,-6610.8076,3854756,0.4579,-3255.40
3886656,1754825040,BTC,2500,2500,0.4932,-34.9507,0.0014,0.0000,-6682.3774,3886547,0.4577,-3291.19
3854866,1752910860,BTC,2500,2500,0.4932,-34.9507,0.0014,0.0000,-6610.7881,3854757,0.4579,-3255.39
3886657,1754825100,BTC,2500,2500,0.4932,-34.9507,0.0014,0.0000,-6682.3984,3886548,0.4577,-3291.20
3854867,1752910920,BTC,2500,2500,0.4932,-34.9507,0.0014,0.0000,-6610.7681,3854758,0.4579,-3255.38
3886658,1754825160,BTC,2500,2500,0.4932,-34.9507,0.0014,0.0000,-6682.3774,3886549,0.4577,-3291.19
3854868,1752910980,BTC,2500,2500,0.4932,-34.9507,0.0014,0.0000,-6610.7480,3854759,0.4579,-3255.37
3886659,1754825220,BTC,2500,2500,0.4932,-34.9507,0.0014,0.0000,-6682.3984,3886550,0.4577,-3291.20
3854869,1752911040,BTC,2500,2500,0.4932,-34.9507,0.0014,0.0000,-6610.7681,3854760,0.4579,-3255.38
3886660,1754825280,BTC,2500,2500,0.4932,-34.9507,0.0014,0.0000,-6682.4180,3886551,0.4577,-3291.21
3854870,1752911100,BTC,2500,2500,0.4932,-34.9507,0.0014,0.0000,-6610.7881,3854761,0.4579,-3255.39
3886661,1754825340,BTC,2500,2500,0.4932,-34.9507,0.0014,0.0000,-6682.4380,3886552,0.4577,-3291.22
3854871,1752911160,BTC,2500,2500,0.4932,-34.9507,0.0014,0.0000,-6610.8076,3854762,0.4579,-3255.40
3886662,1754825400,BTC,2500,2500,0.4932,-34.9507,0.0014,0.0000,-6682.4575,3886553,0.4577,-3291.23
3854872,1752911220,BTC,2500,2500,0.4932,-34.9507,0.0014,0.0000,-6610.7881,3854763,0.4579,-3255.39
3886663,1754825460,BTC,2500,2500,0.4932,-34.9507,0.0014,0.0000,-6682.4380,3886554,0.4577,-3291.22
3854873,1752911280,BTC,2500,2500,0.4932,-34.9507,0.0014,0.0000,-6610.7681,3854764,0.4579,-3255.38
3886664,1754825520,BTC,2500,2500,0.4932,-34.9507,0.0014,0.0000,-6682.4180,3886555,0.4577,-3291.21
3854874,1752911340,BTC,2500,2500,0.4932,-34.9507,0.0014,0.0000,-6610.7881,3854765,0.4579,-3255.39
3886665,1754825580,BTC,2500,2500,0.4932,-34.9507,0.0014,0.0000,-6682.4380,3886556,0.4577,-3291.22
3854875,1752911400,BTC,2500,2500,0.4932,-34.9507,0.0014,0.0000,-6610.8076,3854766,0.4579,-3255.40
3886666,1754825640,BTC,2500,2500,0.4932,-34.9507,0.0014,0.0000,-6682.4180,3886557,0.4577,-3291.21
3854876,1752911460,BTC,2500,2500,0.4932,-34.9507,0.0014,0.0000,-6610.8286,3854767,0.4579,-3255.41
3886667,1754825700,BTC,2500,2500,0.4932,-34.9507,0.0014,0.0000,-6682.4380,3886558,0.4577,-3291.22
3854877,1752911520,BTC,2500,2500,0.4932,-34.9507,0.0014,0.0000,-6610.8481,3854768,0.4579,-3255.42
3886668,1754825760,BTC,2500,2500,0.4932,-34.9507,0.0014,0.0000,-6682.4180,3886559,0.4577,-3291.21
3854878,1752911580,BTC,2500,2500,0.4932,-34.9507,0.0014,0.0000,-6610.8682,3854769,0.4579,-3255.43
3886669,1754825820,BTC,2500,2500,0.4932,-34.9507,0.0014,0.0000,-6682.4380,3886560,0.4577,-3291.22
3854879,1752911640,BTC,2500,2500,0.4932,-34.9507,0.0014,0.0000,-6610.8877,3854770,0.4579,-3255.44
3886670,1754825880,BTC,2500,2500,0.4932,-34.9507,0.0014,0.0000,-6682.4180,3886561,0.4577,-3291.21
3854880,1752911700,BTC,2500,2500,0.4932,-34.9507,0.0014,0.0000,-6610.8682,3854771,0.4579,-3255.43
3886671,1754825940,BTC,2500,2500,0.4932,-34.9507,0.0014,0.0000,-6682.4380,3886562,0.4577,-3291.22
3854881,1752911760,BTC,2500,2500,0.4932,-34.9507,0.0014,0.0000,-6610.8481,3854772,0.4579,-3255.42
3886672,1754826000,BTC,2500,2500,0.4932,-34.9507,0.0014,0.0000,-6682.4180,3886563,0.4577,-3291.21
3854882,1752911820,BTC,2500,2500,0.4932,-34.9507,0.0014,0.0000,-6610.8682,3854773,0.4579,-3255.43
3886673,1754826060,BTC,2500,2500,0.4932,-34.9507,0.0014,0.0000,-6682.3984,3886564,0.4577,-3291.20
3854883,1752911880,BTC,2500,2500,0.4932,-34.9507,0.0014,0.0000,-6610.8877,3854774,0.4579,-3255.44
3886674,1754826120,BTC,2500,2500,0.4932,-34.9507,0.0014,0.0000,-6682.3774,3886565,0.4577,-3291.19
3854884,1752911940,BTC,2500,2500,0.4932,-34.9507,0.0014,0.0000,-6610.9087,3854775,0.4579,-3255.45
3886675,1754826180,BTC,2500,2500,0.4932,-34.9507,0.0014,0.0000,-6682.3984,3886566,0.4577,-3291.20
3854885,1752912000,BTC,2500,2500,0.4932,-34.9507,0.0014,0.0000,-6610.9282,3854776,0.4579,-3255.46
3886676,1754826240,BTC,2500,2500,0.4932,-34.9507,0.0014,0.0000,-6682.3774,3886567,0.4577,-3291.19
3854886,1752912060,BTC,2500,2500,0.4932,-34.9507,0.0014,0.0000,-6610.9482,3854777,0.4579,-3255.47
3886677,1754826300,BTC,2500,2500,0.4932,-34.9507,0.0014,0.0000,-6682.3984,3886568,0.4577,-3291.20
3854887,1752912120,BTC,2500,2500,0.4932,-34.9507,0.0014,0.0000,-6610.9678,3854778,0.4579,-3255.48
3886678,1754826360,BTC,2500,2500,0.4932,-34.9507,0.0014,0.0000,-6682.4180,3886569,0.4577,-3291.21
3854888,1752912180,BTC,2500,2500,0.4932,-34.9507,0.0014,0.0000,-6610.9482,3854779,0.4579,-3255.47
3886679,1754826420,BTC,2500,2500,0.4932,-34.9507,0.0014,0.0000,-6682.4380,3886570,0.4577,-3291.22
3854889,1752912240,BTC,2500,2500,0.4932,-34.9507,0.0014,0.0000,-6610.9678,3854780,0.4579,-3255.48
3886680,1754826480,BTC,2500,2500,0.4932,-34.9507,0.0014,0.0000,-6682.4575,3886571,0.4577,-3291.23
3854890,1752912300,BTC,2500,2500,0.4932,-34.9507,0.0014,0.0000,-6610.9888,3854781,0.4579,-3255.49
3886681,1754826540,BTC,2500,2500,0.4932,-34.9507,0.0014,0.0000,-6682.4380,3886572,0.4577,-3291.22
3854891,1752912360,BTC,2500,2500,0.4932,-34.9507,0.0014,0.0000,-6610.9678,3854782,0.4579,-3255.48
3886682,1754826600,BTC,2500,2500,0.4932,-34.9507,0.0014,0.0000,-6682.4180,3886573,0.4577,-3291.21
3854892,1752912420,BTC,2500,2500,0.4932,-34.9507,0.0014,0.0000,-6610.9888,3854783,0.4579,-3255.49
3886683,1754826660,BTC,2500,2500,0.4932,-34.9507,0.0014,0.0000,-6682.4380,3886574,0.4577,-3291.22
3854893,1752912480,BTC,2500,2500,0.4932,-34.9507,0.0014,0.0000,-6610.9678,3854784,0.4579,-3255.48
3886684,1754826720,BTC,2500,2500,0.4932,-34.9507,0.0014,0.0000,-6682.4575,3886575,0.4577,-3291.23
3854894,1752912540,BTC,2500,2500,0.4932,-34.9507,0.0014,0.0000,-6610.9888,3854785,0.4579,-3255.49
3886685,1754826780,BTC,2500,2500,0.4932,-34.9507,0.0014,0.0000,-6682.4380,3886576,0.4577,-3291.22
3854895,1752912600,BTC,2500,2500,0.4932,-34.9507,0.0014,0.0000,-6610.9678,3854786,0.4579,-3255.48
3886686,1754826840,BTC,2500,2500,0.4932,-34.9507,0.0014,0.0000,-6682.4575,3886577,0.4577,-3291.23
3854896,1752912660,BTC,2500,2500,0.4932,-34.9507,0.0014,0.0000,-6610.9888,3854787,0.4579,-3255.49
3886687,1754826900,BTC,2500,2500,0.4932,-34.9507,0.0014,0.0000,-6682.4785,3886578,0.4577,-3291.24
3854897,1752912720,BTC,2500,2500,0.4932,-34.9507,0.0014,0.0000,-6610.9678,3854788,0.4579,-3255.48
3886688,1754826960,BTC,2500,2500,0.4932,-34.9507,0.0014,0.0000,-6682.4575,3886579,0.4577,-3291.23
3854898,1752912780,BTC,2500,2500,0.4932,-34.9507,0.0014,0.0000,-6610.9482,3854789,0.4579,-3255.47
3886689,1754827020,BTC,2500,2500,0.4932,-34.9507,0.0014,0.0000,-6682.4380,3886580,0.4577,-3291.22
3854899,1752912840,BTC,2500,2500,0.4932,-34.9507,0.0014,0.0000,-6610.9282,3854790,0.4579,-3255.46
3886690,1754827080,BTC,2500,2500,0.4932,-34.9507,0.0014,0.0000,-6682.4180,3886581,0.4577,-3291.21
3854900,1752912900,BTC,2500,2500,0.4932,-34.9507,0.0014,0.0000,-6610.9482,3854791,0.4579,-3255.47
3886691,1754827140,BTC,2500,2500,0.4932,-34.9507,0.0014,0.0000,-6682.4380,3886582,0.4577,-3291.22
3854901,1752912960,BTC,2500,2500,0.4932,-34.9507,0.0014,0.0000,-6610.9678,3854792,0.4579,-3255.48
3886692,1754827200,BTC,2500,2500,0.4932,-34.9507,0.0014,0.0000,-6682.4180,3886583,0.4577,-3291.21
3854902,1752913020,BTC,2500,2500,0.4932,-34.9507,0.0014,0.0000,-6610.9888,3854793,0.4579,-3255.49
3886693,1754827260,BTC,2500,2500,0.4932,-34.9507,0.0014,0.0000,-6682.4380,3886584,0.4577,-3291.22
3854903,1752913080,BTC,2500,2500,0.4932,-34.9507,0.0014,0.0000,-6611.0083,3854794,0.4579,-3255.50
3886694,1754827320,BTC,2500,2500,0.4932,-34.9507,0.0014,0.0000,-6682.4575,3886585,0.4577,-3291.23
3854904,1752913140,BTC,2500,2500,0.4932,-34.9507,0.0014,0.0000,-6610.9888,3854795,0.4579,-3255.49
3854905,1752913200,BTC,2500,2500,0.4932,-34.9507,0.0014,0.0000,-6611.0083,3854796,0.4579,-3255.50
3886695,1754827380,BTC,2500,2500,0.4932,-34.9507,0.0014,0.0000,-6682.4785,3886586,0.4577,-3291.24
3854906,1752913260,BTC,2500,2500,0.4932,-34.9507,0.0014,0.0000,-6611.0283,3854797,0.4579,-3255.51
3886696,1754827440,BTC,2500,2500,0.4932,-34.9507,0.0014,0.0000,-6682.4575,3886587,0.4577,-3291.23
3854907,1752913320,BTC,2500,2500,0.4932,-34.9507,0.0014,0.0000,-6611.0483,3854798,0.4579,-3255.52
3854908,1752913380,BTC,2500,2500,0.4932,-34.9507,0.0014,0.0000,-6611.0688,3854799,0.4579,-3255.53
3886697,1754827500,BTC,2500,2500,0.4932,-34.9507,0.0014,0.0000,-6682.4785,3886588,0.4577,-3291.24
3854909,1752913440,BTC,2500,2500,0.4932,-34.9507,0.0014,0.0000,-6611.0483,3854800,0.4579,-3255.52
3886698,1754827560,BTC,2500,2500,0.4932,-34.9507,0.0014,0.0000,-6682.4980,3886589,0.4577,-3291.25
3854910,1752913500,BTC,2500,2500,0.4932,-34.9507,0.0014,0.0000,-6611.0688,3854801,0.4579,-3255.53
3854911,1752913560,BTC,2500,2500,0.4932,-34.9507,0.0014,0.0000,-6611.0884,3854802,0.4579,-3255.54
3886699,1754827620,BTC,2500,2500,0.4932,-34.9507,0.0014,0.0000,-6682.5181,3886590,0.4577,-3291.26
3854912,1752913620,BTC,2500,2500,0.4932,-34.9507,0.0014,0.0000,-6611.1084,3854803,0.4579,-3255.55
3886700,1754827680,BTC,2500,2500,0.4932,-34.9507,0.0014,0.0000,-6682.4980,3886591,0.4577,-3291.25
3854913,1752913680,BTC,2500,2500,0.4932,-34.9507,0.0014,0.0000,-6611.0884,3854804,0.4579,-3255.54
3886701,1754827740,BTC,2500,2500,0.4932,-34.9507,0.0014,0.0000,-6682.4785,3886592,0.4577,-3291.24
3854914,1752913740,BTC,2500,2500,0.4932,-34.9507,0.0014,0.0000,-6611.1084,3854805,0.4579,-3255.55
3886702,1754827800,BTC,2500,2500,0.4932,-34.9507,0.0014,0.0000,-6682.4575,3886593,0.4577,-3291.23
3854915,1752913800,BTC,2500,2500,0.4932,-34.9507,0.0014,0.0000,-6611.0884,3854806,0.4579,-3255.54
3886703,1754827860,BTC,2500,2500,0.4932,-34.9507,0.0014,0.0000,-6682.4785,3886594,0.4577,-3291.24
3854916,1752913860,BTC,2500,2500,0.4932,-34.9507,0.0014,0.0000,-6611.0688,3854807,0.4579,-3255.53
3886704,1754827920,BTC,2500,2500,0.4932,-34.9507,0.0014,0.0000,-6682.4575,3886595,0.4577,-3291.23
3854917,1752913920,BTC,2500,2500,0.4932,-34.9507,0.0014,0.0000,-6611.0884,3854808,0.4579,-3255.54
3886705,1754827980,BTC,2500,2500,0.4932,-34.9507,0.0014,0.0000,-6682.4785,3886596,0.4577,-3291.24
3854918,1752913980,BTC,2500,2500,0.4932,-34.9507,0.0014,0.0000,-6611.0688,3854809,0.4579,-3255.53
3886706,1754828040,BTC,2500,2500,0.4932,-34.9507,0.0014,0.0000,-6682.4980,3886597,0.4577,-3291.25
3854919,1752914040,BTC,2500,2500,0.4932,-34.9507,0.0014,0.0000,-6611.0483,3854810,0.4579,-3255.52
3886707,1754828100,BTC,2500,2500,0.4932,-34.9507,0.0014,0.0000,-6682.4785,3886598,0.4577,-3291.24
3854920,1752914100,BTC,2500,2500,0.4932,-34.9507,0.0014,0.0000,-6611.0283,3854811,0.4579,-3255.51
3886708,1754828160,BTC,2500,2500,0.4932,-34.9507,0.0014,0.0000,-6682.4980,3886599,0.4577,-3291.25
3854921,1752914160,BTC,2500,2500,0.4932,-34.9507,0.0014,0.0000,-6611.0483,3854812,0.4579,-3255.52
3886709,1754828220,BTC,2500,2500,0.4932,-34.9507,0.0014,0.0000,-6682.5181,3886600,0.4577,-3291.26
3854922,1752914220,BTC,2500,2500,0.4932,-34.9507,0.0014,0.0000,-6611.0688,3854813,0.4579,-3255.53
3886710,1754828280,BTC,2500,2500,0.4932,-34.9507,0.0014,0.0000,-6682.5381,3886601,0.4577,-3291.27
3854923,1752914280,BTC,2500,2500,0.4932,-34.9507,0.0014,0.0000,-6611.0884,3854814,0.4579,-3255.54
3886711,1754828340,BTC,2500,2500,0.4932,-34.9507,0.0014,0.0000,-6682.5586,3886602,0.4577,-3291.28
3854924,1752914340,BTC,2500,2500,0.4932,-34.9507,0.0014,0.0000,-6611.1084,3854815,0.4579,-3255.55
3886712,1754828400,BTC,2500,2500,0.4932,-34.9507,0.0014,0.0000,-6682.5381,3886603,0.4577,-3291.27
3854925,1752914400,BTC,2500,2500,0.4932,-34.9507,0.0014,0.0000,-6611.1284,3854816,0.4579,-3255.56
3886713,1754828460,BTC,2500,2500,0.4932,-34.9507,0.0014,0.0000,-6682.5586,3886604,0.4577,-3291.28
3854926,1752914460,BTC,2500,2500,0.4932,-34.9507,0.0014,0.0000,-6611.1084,3854817,0.4579,-3255.55
3886714,1754828520,BTC,2500,2500,0.4932,-34.9507,0.0014,0.0000,-6682.5781,3886605,0.4577,-3291.29
3854927,1752914520,BTC,2500,2500,0.4932,-34.9507,0.0014,0.0000,-6611.0884,3854818,0.4579,-3255.54
3886715,1754828580,BTC,2500,2500,0.4932,-34.9507,0.0014,0.0000,-6682.5586,3886606,0.4577,-3291.28
3854928,1752914580,BTC,2500,2500,0.4932,-34.9507,0.0014,0.0000,-6611.0688,3854819,0.4579,-3255.53
3886716,1754828640,BTC,2500,2500,0.4932,-34.9507,0.0014,0.0000,-6682.5781,3886607,0.4577,-3291.29
3854929,1752914640,BTC,2500,2500,0.4932,-34.9507,0.0014,0.0000,-6611.0884,3854820,0.4579,-3255.54
3886717,1754828700,BTC,2500,2500,0.4932,-34.9507,0.0014,0.0000,-6682.5586,3886608,0.4577,-3291.28
3854930,1752914700,BTC,2500,2500,0.4932,-34.9507,0.0014,0.0000,-6611.0688,3854821,0.4579,-3255.53
3886718,1754828760,BTC,2500,2500,0.4932,-34.9507,0.0014,0.0000,-6682.5381,3886609,0.4577,-3291.27
3854931,1752914760,BTC,2500,2500,0.4932,-34.9507,0.0014,0.0000,-6611.0884,3854822,0.4579,-3255.54
3886719,1754828820,BTC,2500,2500,0.4932,-34.9507,0.0014,0.0000,-6682.5181,3886610,0.4577,-3291.26
3854932,1752914820,BTC,2500,2500,0.4932,-34.9507,0.0014,0.0000,-6611.1084,3854823,0.4579,-3255.55
3886720,1754828880,BTC,2500,2500,0.4932,-34.9507,0.0014,0.0000,-6682.5381,3886611,0.4577,-3291.27
3854933,1752914880,BTC,2500,2500,0.4932,-34.9507,0.0014,0.0000,-6611.1284,3854824,0.4579,-3255.56
3854934,1752914940,BTC,2500,2500,0.4932,-34.9507,0.0014,0.0000,-6611.1084,3854825,0.4579,-3255.55
3886721,1754828940,BTC,2500,2500,0.4932,-34.9507,0.0014,0.0000,-6682.5586,3886612,0.4577,-3291.28
3854935,1752915000,BTC,2500,2500,0.4932,-34.9507,0.0014,0.0000,-6611.0884,3854826,0.4579,-3255.54
3886722,1754829000,BTC,2500,2500,0.4932,-34.9507,0.0014,0.0000,-6682.5781,3886613,0.4577,-3291.29
3886723,1754829060,BTC,2500,2500,0.4932,-34.9507,0.0014,0.0000,-6682.5586,3886614,0.4577,-3291.28
3854936,1752915060,BTC,2500,2500,0.4932,-34.9507,0.0014,0.0000,-6611.0688,3854827,0.4579,-3255.53
3886724,1754829120,BTC,2500,2500,0.4932,-34.9507,0.0014,0.0000,-6682.5381,3886615,0.4577,-3291.27
3854937,1752915120,BTC,2500,2500,0.4932,-34.9507,0.0014,0.0000,-6611.0483,3854828,0.4579,-3255.52
3886725,1754829180,BTC,2500,2500,0.4932,-34.9507,0.0014,0.0000,-6682.5586,3886616,0.4577,-3291.28
3854938,1752915180,BTC,2500,2500,0.4932,-34.9507,0.0014,0.0000,-6611.0283,3854829,0.4579,-3255.51
3854939,1752915240,BTC,2500,2500,0.4932,-34.9507,0.0014,0.0000,-6611.0483,3854830,0.4579,-3255.52
3886726,1754829240,BTC,2500,2500,0.4932,-34.9507,0.0014,0.0000,-6682.5781,3886617,0.4577,-3291.29
3854940,1752915300,BTC,2500,2500,0.4932,-34.9507,0.0014,0.0000,-6611.0688,3854831,0.4579,-3255.53
3886727,1754829300,BTC,2500,2500,0.4932,-34.9507,0.0014,0.0000,-6682.5981,3886618,0.4577,-3291.30
3886728,1754829360,BTC,2500,2500,0.4932,-34.9507,0.0014,0.0000,-6682.6182,3886619,0.4577,-3291.31
3854941,1752915360,BTC,2500,2500,0.4932,-34.9507,0.0014,0.0000,-6611.0884,3854832,0.4579,-3255.54
3886729,1754829420,BTC,2500,2500,0.4932,-34.9507,0.0014,0.0000,-6682.6387,3886620,0.4577,-3291.32
3854942,1752915420,BTC,2500,2500,0.4932,-34.9507,0.0014,0.0000,-6611.1084,3854833,0.4579,-3255.55
3886730,1754829480,BTC,2500,2500,0.4932,-34.9507,0.0014,0.0000,-6682.6582,3886621,0.4577,-3291.33
3854943,1752915480,BTC,2500,2500,0.4932,-34.9507,0.0014,0.0000,-6611.1284,3854834,0.4579,-3255.56
3886731,1754829540,BTC,2500,2500,0.4932,-34.9507,0.0014,0.0000,-6682.6387,3886622,0.4577,-3291.32
3854944,1752915540,BTC,2500,2500,0.4932,-34.9507,0.0014,0.0000,-6611.1084,3854835,0.4579,-3255.55
3886732,1754829600,BTC,2500,2500,0.4932,-34.9507,0.0014,0.0000,-6682.6582,3886623,0.4577,-3291.33
3854945,1752915600,BTC,2500,2500,0.4932,-34.9507,0.0014,0.0000,-6611.0884,3854836,0.4579,-3255.54
3886733,1754829660,BTC,2500,2500,0.4932,-34.9507,0.0014,0.0000,-6682.6782,3886624,0.4577,-3291.34
3854946,1752915660,BTC,2500,2500,0.4932,-34.9507,0.0014,0.0000,-6611.0688,3854837,0.4579,-3255.53
3886734,1754829720,BTC,2500,2500,0.4932,-34.9507,0.0014,0.0000,-6682.6982,3886625,0.4577,-3291.35
3854947,1752915720,BTC,2500,2500,0.4932,-34.9507,0.0014,0.0000,-6611.0483,3854838,0.4579,-3255.52
3886735,1754829780,BTC,2500,2500,0.4932,-34.9507,0.0014,0.0000,-6682.7178,3886626,0.4577,-3291.36
3854948,1752915780,BTC,2500,2500,0.4932,-34.9507,0.0014,0.0000,-6611.0688,3854839,0.4579,-3255.53
3886736,1754829840,BTC,2500,2500,0.4932,-34.9507,0.0014,0.0000,-6682.7383,3886627,0.4577,-3291.37
3854949,1752915840,BTC,2500,2500,0.4932,-34.9507,0.0014,0.0000,-6611.0884,3854840,0.4579,-3255.54
3886737,1754829900,BTC,2500,2500,0.4932,-34.9507,0.0014,0.0000,-6682.7178,3886628,0.4577,-3291.36
3854950,1752915900,BTC,2500,2500,0.4932,-34.9507,0.0014,0.0000,-6611.1084,3854841,0.4579,-3255.55
3886738,1754829960,BTC,2500,2500,0.4932,-34.9507,0.0014,0.0000,-6682.7383,3886629,0.4577,-3291.37
3854951,1752915960,BTC,2500,2500,0.4932,-34.9507,0.0014,0.0000,-6611.1284,3854842,0.4579,-3255.56
3886739,1754830020,BTC,2500,2500,0.4932,-34.9507,0.0014,0.0000,-6682.7583,3886630,0.4577,-3291.38
3854952,1752916020,BTC,2500,2500,0.4932,-34.9507,0.0014,0.0000,-6611.1479,3854843,0.4579,-3255.57
3886740,1754830080,BTC,2500,2500,0.4932,-34.9507,0.0014,0.0000,-6682.7783,3886631,0.4577,-3291.39
3854953,1752916080,BTC,2500,2500,0.4932,-34.9507,0.0014,0.0000,-6611.1685,3854844,0.4579,-3255.58
3886741,1754830140,BTC,2500,2500,0.4932,-34.9507,0.0014,0.0000,-6682.7583,3886632,0.4577,-3291.38
3854954,1752916140,BTC,2500,2500,0.4932,-34.9507,0.0014,0.0000,-6611.1885,3854845,0.4579,-3255.59
3886742,1754830200,BTC,2500,2500,0.4932,-34.9507,0.0014,0.0000,-6682.7783,3886633,0.4577,-3291.39
3854955,1752916200,BTC,2500,2500,0.4932,-34.9507,0.0014,0.0000,-6611.1685,3854846,0.4579,-3255.58
3886743,1754830260,BTC,2500,2500,0.4932,-34.9507,0.0014,0.0000,-6682.7583,3886634,0.4577,-3291.38
3854956,1752916320,BTC,2500,2500,0.4932,-34.9507,0.0014,0.0000,-6611.1885,3854847,0.4579,-3255.59
3886744,1754830320,BTC,2500,2500,0.4932,-34.9507,0.0014,0.0000,-6682.7383,3886635,0.4577,-3291.37
3854957,1752916380,BTC,2500,2500,0.4932,-34.9507,0.0014,0.0000,-6611.2085,3854848,0.4579,-3255.60
3886745,1754830380,BTC,2500,2500,0.4932,-34.9507,0.0014,0.0000,-6682.7178,3886636,0.4577,-3291.36
3854958,1752916440,BTC,2500,2500,0.4932,-34.9507,0.0014,0.0000,-6611.1885,3854849,0.4579,-3255.59
3886746,1754830440,BTC,2500,2500,0.4932,-34.9507,0.0014,0.0000,-6682.6982,3886637,0.4577,-3291.35
3854959,1752916500,BTC,2500,2500,0.4932,-34.9507,0.0014,0.0000,-6611.2085,3854850,0.4579,-3255.60
3886747,1754830500,BTC,2500,2500,0.4932,-34.9507,0.0014,0.0000,-6682.7178,3886638,0.4577,-3291.36
3854960,1752916560,BTC,2500,2500,0.4932,-34.9507,0.0014,0.0000,-6611.2280,3854851,0.4579,-3255.61
3886748,1754830560,BTC,2500,2500,0.4932,-34.9507,0.0014,0.0000,-6682.7383,3886639,0.4577,-3291.37
3854961,1752916620,BTC,2500,2500,0.4932,-34.9507,0.0014,0.0000,-6611.2490,3854852,0.4579,-3255.62
3854962,1752916680,BTC,2500,2500,0.4932,-34.9507,0.0014,0.0000,-6611.2280,3854853,0.4579,-3255.61
3886749,1754830620,BTC,2500,2500,0.4932,-34.9507,0.0014,0.0000,-6682.7583,3886640,0.4577,-3291.38
3854963,1752916740,BTC,2500,2500,0.4932,-34.9507,0.0014,0.0000,-6611.2490,3854854,0.4579,-3255.62
3886750,1754830680,BTC,2500,2500,0.4932,-34.9507,0.0014,0.0000,-6682.7783,3886641,0.4577,-3291.39
3854964,1752916800,BTC,2500,2500,0.4932,-34.9507,0.0014,0.0000,-6611.2686,3854855,0.4579,-3255.63
3886751,1754830740,BTC,2500,2500,0.4932,-34.9507,0.0014,0.0000,-6682.7583,3886642,0.4577,-3291.38
3854965,1752916860,BTC,2500,2500,0.4932,-34.9507,0.0014,0.0000,-6611.2886,3854856,0.4579,-3255.64
3886752,1754830800,BTC,2500,2500,0.4932,-34.9507,0.0014,0.0000,-6682.7383,3886643,0.4577,-3291.37
3886753,1754830860,BTC,2500,2500,0.4932,-34.9507,0.0014,0.0000,-6682.7178,3886644,0.4577,-3291.36
3854966,1752916920,BTC,2500,2500,0.4932,-34.9507,0.0014,0.0000,-6611.3081,3854857,0.4579,-3255.65
3886754,1754830920,BTC,2500,2500,0.4932,-34.9507,0.0014,0.0000,-6682.7383,3886645,0.4577,-3291.37
3854967,1752916980,BTC,2500,2500,0.4932,-34.9507,0.0014,0.0000,-6611.2886,3854858,0.4579,-3255.64
3886755,1754830980,BTC,2500,2500,0.4932,-34.9507,0.0014,0.0000,-6682.7178,3886646,0.4577,-3291.36
3854968,1752917040,BTC,2500,2500,0.4932,-34.9507,0.0014,0.0000,-6611.3081,3854859,0.4579,-3255.65
3886756,1754831040,BTC,2500,2500,0.4932,-34.9507,0.0014,0.0000,-6682.7383,3886647,0.4577,-3291.37
3854969,1752917100,BTC,2500,2500,0.4932,-34.9507,0.0014,0.0000,-6611.3291,3854860,0.4579,-3255.66
3886757,1754831100,BTC,2500,2500,0.4932,-34.9507,0.0014,0.0000,-6682.7583,3886648,0.4577,-3291.38
3854970,1752917160,BTC,2500,2500,0.4932,-34.9507,0.0014,0.0000,-6611.3486,3854861,0.4579,-3255.67
3886758,1754831160,BTC,2500,2500,0.4932,-34.9507,0.0014,0.0000,-6682.7783,3886649,0.4577,-3291.39
3854971,1752917220,BTC,2500,2500,0.4932,-34.9507,0.0014,0.0000,-6611.3291,3854862,0.4579,-3255.66
3886759,1754831220,BTC,2500,2500,0.4932,-34.9507,0.0014,0.0000,-6682.7583,3886650,0.4577,-3291.38
3854972,1752917280,BTC,2500,2500,0.4932,-34.9507,0.0014,0.0000,-6611.3486,3854863,0.4579,-3255.67
3886760,1754831280,BTC,2500,2500,0.4932,-34.9507,0.0014,0.0000,-6682.7783,3886651,0.4577,-3291.39
3854973,1752917340,BTC,2500,2500,0.4932,-34.9507,0.0014,0.0000,-6611.3291,3854864,0.4579,-3255.66
3886761,1754831340,BTC,2500,2500,0.4932,-34.9507,0.0014,0.0000,-6682.7979,3886652,0.4577,-3291.40
3854974,1752917400,BTC,2500,2500,0.4932,-34.9507,0.0014,0.0000,-6611.3486,3854865,0.4579,-3255.67
3886762,1754831400,BTC,2500,2500,0.4932,-34.9507,0.0014,0.0000,-6682.8184,3886653,0.4577,-3291.41
3854975,1752917460,BTC,2500,2500,0.4932,-34.9507,0.0014,0.0000,-6611.3687,3854866,0.4579,-3255.68
3886763,1754831460,BTC,2500,2500,0.4932,-34.9507,0.0014,0.0000,-6682.8384,3886654,0.4577,-3291.42
3854976,1752917520,BTC,2500,2500,0.4932,-34.9507,0.0014,0.0000,-6611.3882,3854867,0.4579,-3255.69
3886764,1754831520,BTC,2500,2500,0.4932,-34.9507,0.0014,0.0000,-6682.8584,3886655,0.4577,-3291.43
3854977,1752917580,BTC,2500,2500,0.4932,-34.9507,0.0014,0.0000,-6611.4092,3854868,0.4579,-3255.70
3886765,1754831580,BTC,2500,2500,0.4932,-34.9507,0.0014,0.0000,-6682.8384,3886656,0.4577,-3291.42
3854978,1752917640,BTC,2500,2500,0.4932,-34.9507,0.0014,0.0000,-6611.4287,3854869,0.4579,-3255.71
3886766,1754831640,BTC,2500,2500,0.4932,-34.9507,0.0014,0.0000,-6682.8184,3886657,0.4577,-3291.41
3854979,1752917700,BTC,2500,2500,0.4932,-34.9507,0.0014,0.0000,-6611.4487,3854870,0.4579,-3255.72
3886767,1754831700,BTC,2500,2500,0.4932,-34.9507,0.0014,0.0000,-6682.7979,3886658,0.4577,-3291.40
3854980,1752917760,BTC,2500,2500,0.4932,-34.9507,0.0014,0.0000,-6611.4688,3854871,0.4579,-3255.73
3886768,1754831760,BTC,2500,2500,0.4932,-34.9507,0.0014,0.0000,-6682.7783,3886659,0.4577,-3291.39
3854981,1752917820,BTC,2500,2500,0.4932,-34.9507,0.0014,0.0000,-6611.4893,3854872,0.4579,-3255.74
3886769,1754831820,BTC,2500,2500,0.4932,-34.9507,0.0014,0.0000,-6682.7979,3886660,0.4577,-3291.40
3854982,1752917880,BTC,2500,2500,0.4932,-34.9507,0.0014,0.0000,-6611.5088,3854873,0.4579,-3255.75
3886770,1754831880,BTC,2500,2500,0.4932,-34.9507,0.0014,0.0000,-6682.8184,3886661,0.4577,-3291.41
3854983,1752917940,BTC,2500,2500,0.4932,-34.9507,0.0014,0.0000,-6611.4893,3854874,0.4579,-3255.74
3854984,1752918000,BTC,2500,2500,0.4932,-34.9507,0.0014,0.0000,-6611.5088,3854875,0.4579,-3255.75
3886771,1754831940,BTC,2500,2500,0.4932,-34.9507,0.0014,0.0000,-6682.8384,3886662,0.4577,-3291.42
3854985,1752918060,BTC,2500,2500,0.4932,-34.9507,0.0014,0.0000,-6611.5288,3854876,0.4579,-3255.76
3886772,1754832000,BTC,2500,2500,0.4932,-34.9507,0.0014,0.0000,-6682.8584,3886663,0.4577,-3291.43
3854986,1752918120,BTC,2500,2500,0.4932,-34.9507,0.0014,0.0000,-6611.5088,3854877,0.4579,-3255.75
3886773,1754832060,BTC,2500,2500,0.4932,-34.9507,0.0014,0.0000,-6682.8779,3886664,0.4577,-3291.44
3854987,1752918180,BTC,2500,2500,0.4932,-34.9507,0.0014,0.0000,-6611.5288,3854878,0.4579,-3255.76
3886774,1754832120,BTC,2500,2500,0.4932,-34.9507,0.0014,0.0000,-6682.8584,3886665,0.4577,-3291.43
3854988,1752918240,BTC,2500,2500,0.4932,-34.9507,0.0014,0.0000,-6611.5088,3854879,0.4579,-3255.75
3886775,1754832180,BTC,2500,2500,0.4932,-34.9507,0.0014,0.0000,-6682.8384,3886666,0.4577,-3291.42
3854989,1752918300,BTC,2500,2500,0.4932,-34.9507,0.0014,0.0000,-6611.5288,3854880,0.4579,-3255.76
3886776,1754832240,BTC,2500,2500,0.4932,-34.9507,0.0014,0.0000,-6682.8184,3886667,0.4577,-3291.41
3854990,1752918360,BTC,2500,2500,0.4932,-34.9507,0.0014,0.0000,-6611.5488,3854881,0.4579,-3255.77
3886777,1754832300,BTC,2500,2500,0.4932,-34.9507,0.0014,0.0000,-6682.8384,3886668,0.4577,-3291.42
3854991,1752918420,BTC,2500,2500,0.4932,-34.9507,0.0014,0.0000,-6611.5693,3854882,0.4579,-3255.78
3886778,1754832360,BTC,2500,2500,0.4932,-34.9507,0.0014,0.0000,-6682.8584,3886669,0.4577,-3291.43
3854992,1752918480,BTC,2500,2500,0.4932,-34.9507,0.0014,0.0000,-6611.5889,3854883,0.4579,-3255.79
3886779,1754832420,BTC,2500,2500,0.4932,-34.9507,0.0014,0.0000,-6682.8779,3886670,0.4577,-3291.44
3854993,1752918540,BTC,2500,2500,0.4932,-34.9507,0.0014,0.0000,-6611.6089,3854884,0.4579,-3255.80
3886780,1754832480,BTC,2500,2500,0.4932,-34.9507,0.0014,0.0000,-6682.8584,3886671,0.4577,-3291.43
3854994,1752918600,BTC,2500,2500,0.4932,-34.9507,0.0014,0.0000,-6611.5889,3854885,0.4579,-3255.79
3886781,1754832540,BTC,2500,2500,0.4932,-34.9507,0.0014,0.0000,-6682.8384,3886672,0.4577,-3291.42
3854995,1752918660,BTC,2500,2500,0.4932,-34.9507,0.0014,0.0000,-6611.5693,3854886,0.4579,-3255.78
3886782,1754832600,BTC,2500,2500,0.4932,-34.9507,0.0014,0.0000,-6682.8184,3886673,0.4577,-3291.41
3854996,1752918720,BTC,2500,2500,0.4932,-34.9507,0.0014,0.0000,-6611.5488,3854887,0.4579,-3255.77
3886783,1754832660,BTC,2500,2500,0.4932,-34.9507,0.0014,0.0000,-6682.7979,3886674,0.4577,-3291.40
3854997,1752918780,BTC,2500,2500,0.4932,-34.9507,0.0014,0.0000,-6611.5693,3854888,0.4579,-3255.78
3854998,1752918840,BTC,2500,2500,0.4932,-34.9507,0.0014,0.0000,-6611.5889,3854889,0.4579,-3255.79
3886784,1754832720,BTC,2500,2500,0.4932,-34.9507,0.0014,0.0000,-6682.8184,3886675,0.4577,-3291.41
3854999,1752918900,BTC,2500,2500,0.4932,-34.9507,0.0014,0.0000,-6611.5693,3854890,0.4579,-3255.78
3886785,1754832780,BTC,2500,2500,0.4932,-34.9507,0.0014,0.0000,-6682.7979,3886676,0.4577,-3291.40
3855000,1752918960,BTC,2500,2500,0.4932,-34.9507,0.0014,0.0000,-6611.5889,3854891,0.4579,-3255.79
3886786,1754832840,BTC,2500,2500,0.4932,-34.9507,0.0014,0.0000,-6682.8184,3886677,0.4577,-3291.41
3855001,1752919020,BTC,2500,2500,0.4932,-34.9507,0.0014,0.0000,-6611.6089,3854892,0.4579,-3255.80
3886787,1754832900,BTC,2500,2500,0.4932,-34.9507,0.0014,0.0000,-6682.8384,3886678,0.4577,-3291.42
3855002,1752919080,BTC,2500,2500,0.4932,-34.9507,0.0014,0.0000,-6611.6289,3854893,0.4579,-3255.81
3886788,1754832960,BTC,2500,2500,0.4932,-34.9507,0.0014,0.0000,-6682.8584,3886679,0.4577,-3291.43
3855003,1752919140,BTC,2500,2500,0.4932,-34.9507,0.0014,0.0000,-6611.6484,3854894,0.4579,-3255.82
3886789,1754833020,BTC,2500,2500,0.4932,-34.9507,0.0014,0.0000,-6682.8384,3886680,0.4577,-3291.42
3855004,1752919200,BTC,2500,2500,0.4932,-34.9507,0.0014,0.0000,-6611.6689,3854895,0.4579,-3255.83
3886790,1754833080,BTC,2500,2500,0.4932,-34.9507,0.0014,0.0000,-6682.8184,3886681,0.4577,-3291.41
3855005,1752919260,BTC,2500,2500,0.4932,-34.9507,0.0014,0.0000,-6611.6484,3854896,0.4579,-3255.82
3886791,1754833140,BTC,2500,2500,0.4932,-34.9507,0.0014,0.0000,-6682.8384,3886682,0.4577,-3291.42
3855006,1752919380,BTC,2500,2500,0.4932,-34.9507,0.0014,0.0000,-6611.6689,3854897,0.4579,-3255.83
3886792,1754833200,BTC,2500,2500,0.4932,-34.9507,0.0014,0.0000,-6682.8184,3886683,0.4577,-3291.41
3855007,1752919440,BTC,2500,2500,0.4932,-34.9507,0.0014,0.0000,-6611.6890,3854898,0.4579,-3255.84
3886793,1754833260,BTC,2500,2500,0.4932,-34.9507,0.0014,0.0000,-6682.8384,3886684,0.4577,-3291.42
3855008,1752919500,BTC,2500,2500,0.4932,-34.9507,0.0014,0.0000,-6611.7090,3854899,0.4579,-3255.85
3886794,1754833320,BTC,2500,2500,0.4932,-34.9507,0.0014,0.0000,-6682.8584,3886685,0.4577,-3291.43
3855009,1752919560,BTC,2500,2500,0.4932,-34.9507,0.0014,0.0000,-6611.6890,3854900,0.4579,-3255.84
3886795,1754833380,BTC,2500,2500,0.4932,-34.9507,0.0014,0.0000,-6682.8384,3886686,0.4577,-3291.42
3855010,1752919620,BTC,2500,2500,0.4932,-34.9507,0.0014,0.0000,-6611.7090,3854901,0.4579,-3255.85
3855011,1752919680,BTC,2500,2500,0.4932,-34.9507,0.0014,0.0000,-6611.7285,3854902,0.4579,-3255.86
3886796,1754833440,BTC,2500,2500,0.4932,-34.9507,0.0014,0.0000,-6682.8584,3886687,0.4577,-3291.43
3855012,1752919740,BTC,2500,2500,0.4932,-34.9507,0.0014,0.0000,-6611.7490,3854903,0.4579,-3255.87
3886797,1754833500,BTC,2500,2500,0.4932,-34.9507,0.0014,0.0000,-6682.8779,3886688,0.4577,-3291.44
3855013,1752919800,BTC,2500,2500,0.4932,-34.9507,0.0014,0.0000,-6611.7690,3854904,0.4579,-3255.88
3886798,1754833560,BTC,2500,2500,0.4932,-34.9507,0.0014,0.0000,-6682.8584,3886689,0.4577,-3291.43
3855014,1752919860,BTC,2500,2500,0.4932,-34.9507,0.0014,0.0000,-6611.7891,3854905,0.4579,-3255.89
3886799,1754833620,BTC,2500,2500,0.4932,-34.9507,0.0014,0.0000,-6682.8779,3886690,0.4577,-3291.44
3855015,1752919920,BTC,2500,2500,0.4932,-34.9507,0.0014,0.0000,-6611.8086,3854906,0.4579,-3255.90
3886800,1754833680,BTC,2500,2500,0.4932,-34.9507,0.0014,0.0000,-6682.8584,3886691,0.4577,-3291.43
3855016,1752919980,BTC,2500,2500,0.4932,-34.9507,0.0014,0.0000,-6611.7891,3854907,0.4579,-3255.89
3886801,1754833740,BTC,2500,2500,0.4932,-34.9507,0.0014,0.0000,-6682.8779,3886692,0.4577,-3291.44
3855017,1752920040,BTC,2500,2500,0.4932,-34.9507,0.0014,0.0000,-6611.8086,3854908,0.4579,-3255.90
3886802,1754833800,BTC,2500,2500,0.4932,-34.9507,0.0014,0.0000,-6682.8989,3886693,0.4577,-3291.45
3886803,1754833860,BTC,2500,2500,0.4932,-34.9507,0.0014,0.0000,-6682.8779,3886694,0.4577,-3291.44
3855018,1752920100,BTC,2500,2500,0.4932,-34.9507,0.0014,0.0000,-6611.7891,3854909,0.4579,-3255.89
3886804,1754833920,BTC,2500,2500,0.4932,-34.9507,0.0014,0.0000,-6682.8989,3886695,0.4577,-3291.45
3855019,1752920160,BTC,2500,2500,0.4932,-34.9507,0.0014,0.0000,-6611.8086,3854910,0.4579,-3255.90
3886805,1754833980,BTC,2500,2500,0.4932,-34.9507,0.0014,0.0000,-6682.8779,3886696,0.4577,-3291.44
3855020,1752920220,BTC,2500,2500,0.4932,-34.9507,0.0014,0.0000,-6611.8296,3854911,0.4579,-3255.91
3886806,1754834040,BTC,2500,2500,0.4932,-34.9507,0.0014,0.0000,-6682.8584,3886697,0.4577,-3291.43
3855021,1752920280,BTC,2500,2500,0.4932,-34.9507,0.0014,0.0000,-6611.8491,3854912,0.4579,-3255.92
3886807,1754834100,BTC,2500,2500,0.4932,-34.9507,0.0014,0.0000,-6682.8779,3886698,0.4577,-3291.44
3855022,1752920340,BTC,2500,2500,0.4932,-34.9507,0.0014,0.0000,-6611.8691,3854913,0.4579,-3255.93
3886808,1754834160,BTC,2500,2500,0.4932,-34.9507,0.0014,0.0000,-6682.8989,3886699,0.4577,-3291.45
3855023,1752920400,BTC,2500,2500,0.4932,-34.9507,0.0014,0.0000,-6611.8887,3854914,0.4579,-3255.94
3886809,1754834220,BTC,2500,2500,0.4932,-34.9507,0.0014,0.0000,-6682.8779,3886700,0.4577,-3291.44
3855024,1752920460,BTC,2500,2500,0.4932,-34.9507,0.0014,0.0000,-6611.9097,3854915,0.4579,-3255.95
3886810,1754834280,BTC,2500,2500,0.4932,-34.9507,0.0014,0.0000,-6682.8989,3886701,0.4577,-3291.45
3855025,1752920520,BTC,2500,2500,0.4932,-34.9507,0.0014,0.0000,-6611.9292,3854916,0.4579,-3255.96
3886811,1754834340,BTC,2500,2500,0.4932,-34.9507,0.0014,0.0000,-6682.9185,3886702,0.4577,-3291.46
3855026,1752920580,BTC,2500,2500,0.4932,-34.9507,0.0014,0.0000,-6611.9097,3854917,0.4579,-3255.95
3886812,1754834400,BTC,2500,2500,0.4932,-34.9507,0.0014,0.0000,-6682.8989,3886703,0.4577,-3291.45
3855027,1752920640,BTC,2500,2500,0.4932,-34.9507,0.0014,0.0000,-6611.9292,3854918,0.4579,-3255.96
3886813,1754834460,BTC,2500,2500,0.4932,-34.9507,0.0014,0.0000,-6682.8779,3886704,0.4577,-3291.44
3855028,1752920700,BTC,2500,2500,0.4932,-34.9507,0.0014,0.0000,-6611.9097,3854919,0.4579,-3255.95
3886814,1754834520,BTC,2500,2500,0.4932,-34.9507,0.0014,0.0000,-6682.8584,3886705,0.4577,-3291.43
3855029,1752920760,BTC,2500,2500,0.4932,-34.9507,0.0014,0.0000,-6611.8887,3854920,0.4579,-3255.94
3886815,1754834580,BTC,2500,2500,0.4932,-34.9507,0.0014,0.0000,-6682.8779,3886706,0.4577,-3291.44
3855030,1752920820,BTC,2500,2500,0.4932,-34.9507,0.0014,0.0000,-6611.8691,3854921,0.4579,-3255.93
3886816,1754834640,BTC,2500,2500,0.4932,-34.9507,0.0014,0.0000,-6682.8584,3886707,0.4577,-3291.43
3855031,1752920880,BTC,2500,2500,0.4932,-34.9507,0.0014,0.0000,-6611.8887,3854922,0.4579,-3255.94
3886817,1754834700,BTC,2500,2500,0.4932,-34.9507,0.0014,0.0000,-6682.8779,3886708,0.4577,-3291.44
3855032,1752920940,BTC,2500,2500,0.4932,-34.9507,0.0014,0.0000,-6611.9097,3854923,0.4579,-3255.95
3886818,1754834760,BTC,2500,2500,0.4932,-34.9507,0.0014,0.0000,-6682.8989,3886709,0.4577,-3291.45
3886819,1754834820,BTC,2500,2500,0.4932,-34.9507,0.0014,0.0000,-6682.8779,3886710,0.4577,-3291.44
3855033,1752921000,BTC,2500,2500,0.4932,-34.9507,0.0014,0.0000,-6611.8887,3854924,0.4579,-3255.94
3886820,1754834880,BTC,2500,2500,0.4932,-34.9507,0.0014,0.0000,-6682.8584,3886711,0.4577,-3291.43
3855034,1752921060,BTC,2500,2500,0.4932,-34.9507,0.0014,0.0000,-6611.9097,3854925,0.4579,-3255.95
3886821,1754834940,BTC,2500,2500,0.4932,-34.9507,0.0014,0.0000,-6682.8779,3886712,0.4577,-3291.44
3855035,1752921120,BTC,2500,2500,0.4932,-34.9507,0.0014,0.0000,-6611.9292,3854926,0.4579,-3255.96
3886822,1754835000,BTC,2500,2500,0.4932,-34.9507,0.0014,0.0000,-6682.8989,3886713,0.4577,-3291.45
3886823,1754835060,BTC,2500,2500,0.4932,-34.9507,0.0014,0.0000,-6682.9185,3886714,0.4577,-3291.46
3855036,1752921180,BTC,2500,2500,0.4932,-34.9507,0.0014,0.0000,-6611.9097,3854927,0.4579,-3255.95
3886824,1754835120,BTC,2500,2500,0.4932,-34.9507,0.0014,0.0000,-6682.9385,3886715,0.4577,-3291.47
3855037,1752921240,BTC,2500,2500,0.4932,-34.9507,0.0014,0.0000,-6611.8887,3854928,0.4579,-3255.94
3886825,1754835180,BTC,2500,2500,0.4932,-34.9507,0.0014,0.0000,-6682.9580,3886716,0.4577,-3291.48
3886826,1754835240,BTC,2500,2500,0.4932,-34.9507,0.0014,0.0000,-6682.9790,3886717,0.4577,-3291.49
3855038,1752921300,BTC,2500,2500,0.4932,-34.9507,0.0014,0.0000,-6611.9097,3854929,0.4579,-3255.95
3886827,1754835300,BTC,2500,2500,0.4932,-34.9507,0.0014,0.0000,-6682.9985,3886718,0.4577,-3291.50
3855039,1752921360,BTC,2500,2500,0.4932,-34.9507,0.0014,0.0000,-6611.9292,3854930,0.4579,-3255.96
3886828,1754835360,BTC,2500,2500,0.4932,-34.9507,0.0014,0.0000,-6683.0186,3886719,0.4577,-3291.51
3855040,1752921420,BTC,2500,2500,0.4932,-34.9507,0.0014,0.0000,-6611.9097,3854931,0.4579,-3255.95
3886829,1754835420,BTC,2500,2500,0.4932,-34.9507,0.0014,0.0000,-6682.9985,3886720,0.4577,-3291.50
3855041,1752921480,BTC,2500,2500,0.4932,-34.9507,0.0014,0.0000,-6611.9292,3854932,0.4579,-3255.96
3886830,1754835480,BTC,2500,2500,0.4932,-34.9507,0.0014,0.0000,-6682.9790,3886721,0.4577,-3291.49
3855042,1752921540,BTC,2500,2500,0.4932,-34.9507,0.0014,0.0000,-6611.9492,3854933,0.4579,-3255.97
3886831,1754835540,BTC,2500,2500,0.4932,-34.9507,0.0014,0.0000,-6682.9985,3886722,0.4577,-3291.50
3855043,1752921600,BTC,2500,2500,0.4932,-34.9507,0.0014,0.0000,-6611.9292,3854934,0.4579,-3255.96
3886832,1754835600,BTC,2500,2500,0.4932,-34.9507,0.0014,0.0000,-6682.9790,3886723,0.4577,-3291.49
3855044,1752921660,BTC,2500,2500,0.4932,-34.9507,0.0014,0.0000,-6611.9492,3854935,0.4579,-3255.97
3886833,1754835660,BTC,2500,2500,0.4932,-34.9507,0.0014,0.0000,-6682.9985,3886724,0.4577,-3291.50
3855045,1752921720,BTC,2500,2500,0.4932,-34.9507,0.0014,0.0000,-6611.9688,3854936,0.4579,-3255.98
3886834,1754835720,BTC,2500,2500,0.4932,-34.9507,0.0014,0.0000,-6683.0186,3886725,0.4577,-3291.51
3855046,1752921840,BTC,2500,2500,0.4932,-34.9507,0.0014,0.0000,-6611.9492,3854937,0.4579,-3255.97
3886835,1754835780,BTC,2500,2500,0.4932,-34.9507,0.0014,0.0000,-6682.9985,3886726,0.4577,-3291.50
3855047,1752921900,BTC,2500,2500,0.4932,-34.9507,0.0014,0.0000,-6611.9688,3854938,0.4579,-3255.98
3886836,1754835840,BTC,2500,2500,0.4932,-34.9507,0.0014,0.0000,-6683.0186,3886727,0.4577,-3291.51
3855048,1752921960,BTC,2500,2500,0.4932,-34.9507,0.0014,0.0000,-6611.9492,3854939,0.4579,-3255.97
3886837,1754835900,BTC,2500,2500,0.4932,-34.9507,0.0014,0.0000,-6683.0381,3886728,0.4577,-3291.52
3855049,1752922020,BTC,2500,2500,0.4932,-34.9507,0.0014,0.0000,-6611.9292,3854940,0.4579,-3255.96
3886838,1754835960,BTC,2500,2500,0.4932,-34.9507,0.0014,0.0000,-6683.0591,3886729,0.4577,-3291.53
3855050,1752922080,BTC,2500,2500,0.4932,-34.9507,0.0014,0.0000,-6611.9097,3854941,0.4579,-3255.95
3886839,1754836020,BTC,2500,2500,0.4932,-34.9507,0.0014,0.0000,-6683.0381,3886730,0.4577,-3291.52
3855051,1752922140,BTC,2500,2500,0.4932,-34.9507,0.0014,0.0000,-6611.9292,3854942,0.4579,-3255.96
3886840,1754836080,BTC,2500,2500,0.4932,-34.9507,0.0014,0.0000,-6683.0186,3886731,0.4577,-3291.51
3855052,1752922200,BTC,2500,2500,0.4932,-34.9507,0.0014,0.0000,-6611.9097,3854943,0.4579,-3255.95
3886841,1754836140,BTC,2500,2500,0.4932,-34.9507,0.0014,0.0000,-6683.0381,3886732,0.4577,-3291.52
3855053,1752922260,BTC,2500,2500,0.4932,-34.9507,0.0014,0.0000,-6611.9292,3854944,0.4579,-3255.96
3886842,1754836200,BTC,2500,2500,0.4932,-34.9507,0.0014,0.0000,-6683.0186,3886733,0.4577,-3291.51
3855054,1752922320,BTC,2500,2500,0.4932,-34.9507,0.0014,0.0000,-6611.9492,3854945,0.4579,-3255.97
3886843,1754836260,BTC,2500,2500,0.4932,-34.9507,0.0014,0.0000,-6682.9985,3886734,0.4577,-3291.50
3855055,1752922380,BTC,2500,2500,0.4932,-34.9507,0.0014,0.0000,-6611.9292,3854946,0.4579,-3255.96
3886844,1754836320,BTC,2500,2500,0.4932,-34.9507,0.0014,0.0000,-6682.9790,3886735,0.4577,-3291.49
3855056,1752922440,BTC,2500,2500,0.4932,-34.9507,0.0014,0.0000,-6611.9492,3854947,0.4579,-3255.97
3886845,1754836380,BTC,2500,2500,0.4932,-34.9507,0.0014,0.0000,-6682.9580,3886736,0.4577,-3291.48
3855057,1752922500,BTC,2500,2500,0.4932,-34.9507,0.0014,0.0000,-6611.9292,3854948,0.4579,-3255.96
3886846,1754836440,BTC,2500,2500,0.4932,-34.9507,0.0014,0.0000,-6682.9385,3886737,0.4577,-3291.47
3855058,1752922560,BTC,2500,2500,0.4932,-34.9507,0.0014,0.0000,-6611.9492,3854949,0.4579,-3255.97
3886847,1754836500,BTC,2500,2500,0.4932,-34.9507,0.0014,0.0000,-6682.9580,3886738,0.4577,-3291.48
3855059,1752922620,BTC,2500,2500,0.4932,-34.9507,0.0014,0.0000,-6611.9688,3854950,0.4579,-3255.98
3886848,1754836560,BTC,2500,2500,0.4932,-34.9507,0.0014,0.0000,-6682.9790,3886739,0.4577,-3291.49
3855060,1752922680,BTC,2500,2500,0.4932,-34.9507,0.0014,0.0000,-6611.9492,3854951,0.4579,-3255.97
3886849,1754836620,BTC,2500,2500,0.4932,-34.9507,0.0014,0.0000,-6682.9985,3886740,0.4577,-3291.50
3855061,1752922740,BTC,2500,2500,0.4932,-34.9507,0.0014,0.0000,-6611.9688,3854952,0.4579,-3255.98
3886850,1754836680,BTC,2500,2500,0.4932,-34.9507,0.0014,0.0000,-6683.0186,3886741,0.4577,-3291.51
3855062,1752922800,BTC,2500,2500,0.4932,-34.9507,0.0014,0.0000,-6611.9492,3854953,0.4579,-3255.97
3886851,1754836740,BTC,2500,2500,0.4932,-34.9507,0.0014,0.0000,-6682.9985,3886742,0.4577,-3291.50
3855063,1752922860,BTC,2500,2500,0.4932,-34.9507,0.0014,0.0000,-6611.9688,3854954,0.4579,-3255.98
3886852,1754836800,BTC,2500,2500,0.4932,-34.9507,0.0014,0.0000,-6682.9790,3886743,0.4577,-3291.49
3855064,1752922920,BTC,2500,2500,0.4932,-34.9507,0.0014,0.0000,-6611.9897,3854955,0.4579,-3255.99
3886853,1754836860,BTC,2500,2500,0.4932,-34.9507,0.0014,0.0000,-6682.9985,3886744,0.4577,-3291.50
3855065,1752922980,BTC,2500,2500,0.4932,-34.9507,0.0014,0.0000,-6611.9688,3854956,0.4579,-3255.98
3886854,1754836920,BTC,2500,2500,0.4932,-34.9507,0.0014,0.0000,-6682.9790,3886745,0.4577,-3291.49
3855066,1752923040,BTC,2500,2500,0.4932,-34.9507,0.0014,0.0000,-6611.9897,3854957,0.4579,-3255.99
3886855,1754836980,BTC,2500,2500,0.4932,-34.9507,0.0014,0.0000,-6682.9985,3886746,0.4577,-3291.50
3855067,1752923100,BTC,2500,2500,0.4932,-34.9507,0.0014,0.0000,-6611.9688,3854958,0.4579,-3255.98
3886856,1754837040,BTC,2500,2500,0.4932,-34.9507,0.0014,0.0000,-6683.0186,3886747,0.4577,-3291.51
3855068,1752923160,BTC,2500,2500,0.4932,-34.9507,0.0014,0.0000,-6611.9897,3854959,0.4579,-3255.99
3886857,1754837100,BTC,2500,2500,0.4932,-34.9507,0.0014,0.0000,-6683.0381,3886748,0.4577,-3291.52
3855069,1752923220,BTC,2500,2500,0.4932,-34.9507,0.0014,0.0000,-6612.0093,3854960,0.4579,-3256.00
3886858,1754837160,BTC,2500,2500,0.4932,-34.9507,0.0014,0.0000,-6683.0591,3886749,0.4577,-3291.53
3855070,1752923280,BTC,2500,2500,0.4932,-34.9507,0.0014,0.0000,-6612.0293,3854961,0.4579,-3256.01
3886859,1754837220,BTC,2500,2500,0.4932,-34.9507,0.0014,0.0000,-6683.0786,3886750,0.4577,-3291.54
3855071,1752923340,BTC,2500,2500,0.4932,-34.9507,0.0014,0.0000,-6612.0493,3854962,0.4579,-3256.02
3886860,1754837280,BTC,2500,2500,0.4932,-34.9507,0.0014,0.0000,-6683.0591,3886751,0.4577,-3291.53
3855072,1752923400,BTC,2500,2500,0.4932,-34.9507,0.0014,0.0000,-6612.0293,3854963,0.4579,-3256.01
3886861,1754837340,BTC,2500,2500,0.4932,-34.9507,0.0014,0.0000,-6683.0381,3886752,0.4577,-3291.52
3855073,1752923460,BTC,2500,2500,0.4932,-34.9507,0.0014,0.0000,-6612.0093,3854964,0.4579,-3256.00
3886862,1754837400,BTC,2500,2500,0.4932,-34.9507,0.0014,0.0000,-6683.0591,3886753,0.4577,-3291.53
3855074,1752923520,BTC,2500,2500,0.4932,-34.9507,0.0014,0.0000,-6611.9897,3854965,0.4579,-3255.99
3886863,1754837460,BTC,2500,2500,0.4932,-34.9507,0.0014,0.0000,-6683.0381,3886754,0.4577,-3291.52
3855075,1752923580,BTC,2500,2500,0.4932,-34.9507,0.0014,0.0000,-6611.9688,3854966,0.4579,-3255.98
3886864,1754837520,BTC,2500,2500,0.4932,-34.9507,0.0014,0.0000,-6683.0591,3886755,0.4577,-3291.53
3855076,1752923640,BTC,2500,2500,0.4932,-34.9507,0.0014,0.0000,-6611.9492,3854967,0.4579,-3255.97
3886865,1754837580,BTC,2500,2500,0.4932,-34.9507,0.0014,0.0000,-6683.0381,3886756,0.4577,-3291.52
3855077,1752923700,BTC,2500,2500,0.4932,-34.9507,0.0014,0.0000,-6611.9688,3854968,0.4579,-3255.98
3886866,1754837640,BTC,2500,2500,0.4932,-34.9507,0.0014,0.0000,-6683.0186,3886757,0.4577,-3291.51
3855078,1752923760,BTC,2500,2500,0.4932,-34.9507,0.0014,0.0000,-6611.9492,3854969,0.4579,-3255.97
3886867,1754837700,BTC,2500,2500,0.4932,-34.9507,0.0014,0.0000,-6683.0381,3886758,0.4577,-3291.52
3855079,1752923820,BTC,2500,2500,0.4932,-34.9507,0.0014,0.0000,-6611.9292,3854970,0.4579,-3255.96
3886868,1754837760,BTC,2500,2500,0.4932,-34.9507,0.0014,0.0000,-6683.0591,3886759,0.4577,-3291.53
3855080,1752923880,BTC,2500,2500,0.4932,-34.9507,0.0014,0.0000,-6611.9492,3854971,0.4579,-3255.97
3886869,1754837820,BTC,2500,2500,0.4932,-34.9507,0.0014,0.0000,-6683.0381,3886760,0.4577,-3291.52
3855081,1752923940,BTC,2500,2500,0.4932,-34.9507,0.0014,0.0000,-6611.9688,3854972,0.4579,-3255.98
3886870,1754837880,BTC,2500,2500,0.4932,-34.9507,0.0014,0.0000,-6683.0186,3886761,0.4577,-3291.51
3855082,1752924000,BTC,2500,2500,0.4932,-34.9507,0.0014,0.0000,-6611.9897,3854973,0.4579,-3255.99
3886871,1754837940,BTC,2500,2500,0.4932,-34.9507,0.0014,0.0000,-6683.0381,3886762,0.4577,-3291.52
3855083,1752924060,BTC,2500,2500,0.4932,-34.9507,0.0014,0.0000,-6612.0093,3854974,0.4579,-3256.00
3886872,1754838000,BTC,2500,2500,0.4932,-34.9507,0.0014,0.0000,-6683.0591,3886763,0.4577,-3291.53
3855084,1752924120,BTC,2500,2500,0.4932,-34.9507,0.0014,0.0000,-6611.9897,3854975,0.4579,-3255.99
3886873,1754838060,BTC,2500,2500,0.4932,-34.9507,0.0014,0.0000,-6683.0786,3886764,0.4577,-3291.54
3855085,1752924180,BTC,2500,2500,0.4932,-34.9507,0.0014,0.0000,-6612.0093,3854976,0.4579,-3256.00
3886874,1754838120,BTC,2500,2500,0.4932,-34.9507,0.0014,0.0000,-6683.0986,3886765,0.4577,-3291.55
3855086,1752924240,BTC,2500,2500,0.4932,-34.9507,0.0014,0.0000,-6612.0293,3854977,0.4579,-3256.01
3886875,1754838180,BTC,2500,2500,0.4932,-34.9507,0.0014,0.0000,-6683.0786,3886766,0.4577,-3291.54
3855087,1752924300,BTC,2500,2500,0.4932,-34.9507,0.0014,0.0000,-6612.0493,3854978,0.4579,-3256.02
3886876,1754838240,BTC,2500,2500,0.4932,-34.9507,0.0014,0.0000,-6683.0986,3886767,0.4577,-3291.55
3855088,1752924360,BTC,2500,2500,0.4932,-34.9507,0.0014,0.0000,-6612.0698,3854979,0.4579,-3256.03
3886877,1754838300,BTC,2500,2500,0.4932,-34.9507,0.0014,0.0000,-6683.1187,3886768,0.4577,-3291.56
3855089,1752924420,BTC,2500,2500,0.4932,-34.9507,0.0014,0.0000,-6612.0894,3854980,0.4579,-3256.04
3886878,1754838360,BTC,2500,2500,0.4932,-34.9507,0.0014,0.0000,-6683.1392,3886769,0.4577,-3291.57
3855090,1752924480,BTC,2500,2500,0.4932,-34.9507,0.0014,0.0000,-6612.1094,3854981,0.4579,-3256.05
3886879,1754838420,BTC,2500,2500,0.4932,-34.9507,0.0014,0.0000,-6683.1587,3886770,0.4577,-3291.58
3855091,1752924540,BTC,2500,2500,0.4932,-34.9507,0.0014,0.0000,-6612.1294,3854982,0.4579,-3256.06
3886880,1754838480,BTC,2500,2500,0.4932,-34.9507,0.0014,0.0000,-6683.1787,3886771,0.4577,-3291.59
3855092,1752924600,BTC,2500,2500,0.4932,-34.9507,0.0014,0.0000,-6612.1489,3854983,0.4579,-3256.07
3886881,1754838540,BTC,2500,2500,0.4932,-34.9507,0.0014,0.0000,-6683.1987,3886772,0.4577,-3291.60
3855093,1752924660,BTC,2500,2500,0.4932,-34.9507,0.0014,0.0000,-6612.1694,3854984,0.4579,-3256.08
3886882,1754838600,BTC,2500,2500,0.4932,-34.9507,0.0014,0.0000,-6683.1787,3886773,0.4577,-3291.59
3855094,1752924720,BTC,2500,2500,0.4932,-34.9507,0.0014,0.0000,-6612.1489,3854985,0.4579,-3256.07
3886883,1754838660,BTC,2500,2500,0.4932,-34.9507,0.0014,0.0000,-6683.1987,3886774,0.4577,-3291.60
3855095,1752924780,BTC,2500,2500,0.4932,-34.9507,0.0014,0.0000,-6612.1694,3854986,0.4579,-3256.08
3886884,1754838720,BTC,2500,2500,0.4932,-34.9507,0.0014,0.0000,-6683.1787,3886775,0.4577,-3291.59
3855096,1752924840,BTC,2500,2500,0.4932,-34.9507,0.0014,0.0000,-6612.1895,3854987,0.4579,-3256.09
3886885,1754838780,BTC,2500,2500,0.4932,-34.9507,0.0014,0.0000,-6683.1587,3886776,0.4577,-3291.58
3855097,1752924900,BTC,2500,2500,0.4932,-34.9507,0.0014,0.0000,-6612.1694,3854988,0.4579,-3256.08
3886886,1754838840,BTC,2500,2500,0.4932,-34.9507,0.0014,0.0000,-6683.1787,3886777,0.4577,-3291.59
3855098,1752924960,BTC,2500,2500,0.4932,-34.9507,0.0014,0.0000,-6612.1895,3854989,0.4579,-3256.09
3886887,1754838900,BTC,2500,2500,0.4932,-34.9507,0.0014,0.0000,-6683.1587,3886778,0.4577,-3291.58
3855099,1752925020,BTC,2500,2500,0.4932,-34.9507,0.0014,0.0000,-6612.2095,3854990,0.4579,-3256.10
3886888,1754838960,BTC,2500,2500,0.4932,-34.9507,0.0014,0.0000,-6683.1392,3886779,0.4577,-3291.57
3855100,1752925080,BTC,2500,2500,0.4932,-34.9507,0.0014,0.0000,-6612.2290,3854991,0.4579,-3256.11
3886889,1754839020,BTC,2500,2500,0.4932,-34.9507,0.0014,0.0000,-6683.1187,3886780,0.4577,-3291.56
3855101,1752925140,BTC,2500,2500,0.4932,-34.9507,0.0014,0.0000,-6612.2500,3854992,0.4579,-3256.12
3886890,1754839080,BTC,2500,2500,0.4932,-34.9507,0.0014,0.0000,-6683.1392,3886781,0.4577,-3291.57
3855102,1752925200,BTC,2500,2500,0.4932,-34.9507,0.0014,0.0000,-6612.2290,3854993,0.4579,-3256.11
3886891,1754839140,BTC,2500,2500,0.4932,-34.9507,0.0014,0.0000,-6683.1587,3886782,0.4577,-3291.58
3855103,1752925260,BTC,2500,2500,0.4932,-34.9507,0.0014,0.0000,-6612.2500,3854994,0.4579,-3256.12
3886892,1754839200,BTC,2500,2500,0.4932,-34.9507,0.0014,0.0000,-6683.1787,3886783,0.4577,-3291.59
3855104,1752925320,BTC,2500,2500,0.4932,-34.9507,0.0014,0.0000,-6612.2695,3854995,0.4579,-3256.13
3886893,1754839260,BTC,2500,2500,0.4932,-34.9507,0.0014,0.0000,-6683.1987,3886784,0.4577,-3291.60
3855105,1752925380,BTC,2500,2500,0.4932,-34.9507,0.0014,0.0000,-6612.2500,3854996,0.4579,-3256.12
3886894,1754839320,BTC,2500,2500,0.4932,-34.9507,0.0014,0.0000,-6683.1787,3886785,0.4577,-3291.59
3855106,1752925440,BTC,2500,2500,0.4932,-34.9507,0.0014,0.0000,-6612.2695,3854997,0.4579,-3256.13
3886895,1754839380,BTC,2500,2500,0.4932,-34.9507,0.0014,0.0000,-6683.1587,3886786,0.4577,-3291.58
3855107,1752925500,BTC,2500,2500,0.4932,-34.9507,0.0014,0.0000,-6612.2500,3854998,0.4579,-3256.12
3886896,1754839440,BTC,2500,2500,0.4932,-34.9507,0.0014,0.0000,-6683.1787,3886787,0.4577,-3291.59
3855108,1752925560,BTC,2500,2500,0.4932,-34.9507,0.0014,0.0000,-6612.2695,3854999,0.4579,-3256.13
3886897,1754839500,BTC,2500,2500,0.4932,-34.9507,0.0014,0.0000,-6683.1987,3886788,0.4577,-3291.60
3855109,1752925620,BTC,2500,2500,0.4932,-34.9507,0.0014,0.0000,-6612.2500,3855000,0.4579,-3256.12
3886898,1754839560,BTC,2500,2500,0.4932,-34.9507,0.0014,0.0000,-6683.1787,3886789,0.4577,-3291.59
3855110,1752925680,BTC,2500,2500,0.4932,-34.9507,0.0014,0.0000,-6612.2695,3855001,0.4579,-3256.13
3886899,1754839620,BTC,2500,2500,0.4932,-34.9507,0.0014,0.0000,-6683.1587,3886790,0.4577,-3291.58
3855111,1752925740,BTC,2500,2500,0.4932,-34.9507,0.0014,0.0000,-6612.2500,3855002,0.4579,-3256.12
3886900,1754839680,BTC,2500,2500,0.4932,-34.9507,0.0014,0.0000,-6683.1787,3886791,0.4577,-3291.59
3855112,1752925800,BTC,2500,2500,0.4932,-34.9507,0.0014,0.0000,-6612.2290,3855003,0.4579,-3256.11
3886901,1754839740,BTC,2500,2500,0.4932,-34.9507,0.0014,0.0000,-6683.1587,3886792,0.4577,-3291.58
3855113,1752925860,BTC,2500,2500,0.4932,-34.9507,0.0014,0.0000,-6612.2095,3855004,0.4579,-3256.10
3886902,1754839800,BTC,2500,2500,0.4932,-34.9507,0.0014,0.0000,-6683.1787,3886793,0.4577,-3291.59
3855114,1752925920,BTC,2500,2500,0.4932,-34.9507,0.0014,0.0000,-6612.2290,3855005,0.4579,-3256.11
3855115,1752925980,BTC,2500,2500,0.4932,-34.9507,0.0014,0.0000,-6612.2095,3855006,0.4579,-3256.10
3886903,1754839860,BTC,2500,2500,0.4932,-34.9507,0.0014,0.0000,-6683.1587,3886794,0.4577,-3291.58
3855116,1752926040,BTC,2500,2500,0.4932,-34.9507,0.0014,0.0000,-6612.2290,3855007,0.4579,-3256.11
3886904,1754839920,BTC,2500,2500,0.4932,-34.9507,0.0014,0.0000,-6683.1787,3886795,0.4577,-3291.59
3855117,1752926100,BTC,2500,2500,0.4932,-34.9507,0.0014,0.0000,-6612.2500,3855008,0.4579,-3256.12
3886905,1754839980,BTC,2500,2500,0.4932,-34.9507,0.0014,0.0000,-6683.1987,3886796,0.4577,-3291.60
3855118,1752926160,BTC,2500,2500,0.4932,-34.9507,0.0014,0.0000,-6612.2695,3855009,0.4579,-3256.13
3886906,1754840040,BTC,2500,2500,0.4932,-34.9507,0.0014,0.0000,-6683.1787,3886797,0.4577,-3291.59
3855119,1752926220,BTC,2500,2500,0.4932,-34.9507,0.0014,0.0000,-6612.2896,3855010,0.4579,-3256.14
3886907,1754840100,BTC,2500,2500,0.4932,-34.9507,0.0014,0.0000,-6683.1587,3886798,0.4577,-3291.58
3855120,1752926280,BTC,2500,2500,0.4932,-34.9507,0.0014,0.0000,-6612.3091,3855011,0.4579,-3256.15
3886908,1754840160,BTC,2500,2500,0.4932,-34.9507,0.0014,0.0000,-6683.1392,3886799,0.4577,-3291.57
3855121,1752926340,BTC,2500,2500,0.4932,-34.9507,0.0014,0.0000,-6612.3301,3855012,0.4579,-3256.16
3886909,1754840220,BTC,2500,2500,0.4932,-34.9507,0.0014,0.0000,-6683.1587,3886800,0.4577,-3291.58
3855122,1752926400,BTC,2500,2500,0.4932,-34.9507,0.0014,0.0000,-6612.3496,3855013,0.4579,-3256.17
3886910,1754840280,BTC,2500,2500,0.4932,-34.9507,0.0014,0.0000,-6683.1392,3886801,0.4577,-3291.57
3855123,1752926460,BTC,2500,2500,0.4932,-34.9507,0.0014,0.0000,-6612.3696,3855014,0.4579,-3256.18
3886911,1754840340,BTC,2500,2500,0.4932,-34.9507,0.0014,0.0000,-6683.1587,3886802,0.4577,-3291.58
3855124,1752926520,BTC,2500,2500,0.4932,-34.9507,0.0014,0.0000,-6612.3496,3855015,0.4579,-3256.17
3886912,1754840400,BTC,2500,2500,0.4932,-34.9507,0.0014,0.0000,-6683.1787,3886803,0.4577,-3291.59
3855125,1752926580,BTC,2500,2500,0.4932,-34.9507,0.0014,0.0000,-6612.3301,3855016,0.4579,-3256.16
3886913,1754840460,BTC,2500,2500,0.4932,-34.9507,0.0014,0.0000,-6683.1987,3886804,0.4577,-3291.60
3886914,1754840520,BTC,2500,2500,0.4932,-34.9507,0.0014,0.0000,-6683.2183,3886805,0.4577,-3291.61
3855126,1752926640,BTC,2500,2500,0.4932,-34.9507,0.0014,0.0000,-6612.3496,3855017,0.4579,-3256.17
3886915,1754840580,BTC,2500,2500,0.4932,-34.9507,0.0014,0.0000,-6683.2388,3886806,0.4577,-3291.62
3855127,1752926700,BTC,2500,2500,0.4932,-34.9507,0.0014,0.0000,-6612.3301,3855018,0.4579,-3256.16
3886916,1754840640,BTC,2500,2500,0.4932,-34.9507,0.0014,0.0000,-6683.2588,3886807,0.4577,-3291.63
3855128,1752926760,BTC,2500,2500,0.4932,-34.9507,0.0014,0.0000,-6612.3091,3855019,0.4579,-3256.15
3886917,1754840700,BTC,2500,2500,0.4932,-34.9507,0.0014,0.0000,-6683.2788,3886808,0.4577,-3291.64
3855129,1752926820,BTC,2500,2500,0.4932,-34.9507,0.0014,0.0000,-6612.2896,3855020,0.4579,-3256.14
3886918,1754840760,BTC,2500,2500,0.4932,-34.9507,0.0014,0.0000,-6683.2983,3886809,0.4577,-3291.65
3855130,1752926880,BTC,2500,2500,0.4932,-34.9507,0.0014,0.0000,-6612.2695,3855021,0.4579,-3256.13
3886919,1754840820,BTC,2500,2500,0.4932,-34.9507,0.0014,0.0000,-6683.2788,3886810,0.4577,-3291.64
3855131,1752926940,BTC,2500,2500,0.4932,-34.9507,0.0014,0.0000,-6612.2896,3855022,0.4579,-3256.14
3886920,1754840880,BTC,2500,2500,0.4932,-34.9507,0.0014,0.0000,-6683.2588,3886811,0.4577,-3291.63
3855132,1752927000,BTC,2500,2500,0.4932,-34.9507,0.0014,0.0000,-6612.2695,3855023,0.4579,-3256.13
3886921,1754840940,BTC,2500,2500,0.4932,-34.9507,0.0014,0.0000,-6683.2788,3886812,0.4577,-3291.64
3855133,1752927060,BTC,2500,2500,0.4932,-34.9507,0.0014,0.0000,-6612.2896,3855024,0.4579,-3256.14
3886922,1754841000,BTC,2500,2500,0.4932,-34.9507,0.0014,0.0000,-6683.2588,3886813,0.4577,-3291.63
3855134,1752927120,BTC,2500,2500,0.4932,-34.9507,0.0014,0.0000,-6612.2695,3855025,0.4579,-3256.13
3886923,1754841060,BTC,2500,2500,0.4932,-34.9507,0.0014,0.0000,-6683.2788,3886814,0.4577,-3291.64
3855135,1752927180,BTC,2500,2500,0.4932,-34.9507,0.0014,0.0000,-6612.2896,3855026,0.4579,-3256.14
3886924,1754841120,BTC,2500,2500,0.4932,-34.9507,0.0014,0.0000,-6683.2588,3886815,0.4577,-3291.63
3855136,1752927240,BTC,2500,2500,0.4932,-34.9507,0.0014,0.0000,-6612.3091,3855027,0.4579,-3256.15
3886925,1754841180,BTC,2500,2500,0.4932,-34.9507,0.0014,0.0000,-6683.2788,3886816,0.4577,-3291.64
3855137,1752927300,BTC,2500,2500,0.4932,-34.9507,0.0014,0.0000,-6612.2896,3855028,0.4579,-3256.14
3886926,1754841240,BTC,2500,2500,0.4932,-34.9507,0.0014,0.0000,-6683.2983,3886817,0.4577,-3291.65
3855138,1752927360,BTC,2500,2500,0.4932,-34.9507,0.0014,0.0000,-6612.3091,3855029,0.4579,-3256.15
3886927,1754841300,BTC,2500,2500,0.4932,-34.9507,0.0014,0.0000,-6683.3193,3886818,0.4577,-3291.66
3855139,1752927420,BTC,2500,2500,0.4932,-34.9507,0.0014,0.0000,-6612.2896,3855030,0.4579,-3256.14
3886928,1754841360,BTC,2500,2500,0.4932,-34.9507,0.0014,0.0000,-6683.3389,3886819,0.4577,-3291.67
3855140,1752927480,BTC,2500,2500,0.4932,-34.9507,0.0014,0.0000,-6612.3091,3855031,0.4579,-3256.15
3886929,1754841420,BTC,2500,2500,0.4932,-34.9507,0.0014,0.0000,-6683.3589,3886820,0.4577,-3291.68
3855141,1752927540,BTC,2500,2500,0.4932,-34.9507,0.0014,0.0000,-6612.2896,3855032,0.4579,-3256.14
3886930,1754841480,BTC,2500,2500,0.4932,-34.9507,0.0014,0.0000,-6683.3784,3886821,0.4577,-3291.69
3855142,1752927600,BTC,2500,2500,0.4932,-34.9507,0.0014,0.0000,-6612.3091,3855033,0.4579,-3256.15
3886931,1754841540,BTC,2500,2500,0.4932,-34.9507,0.0014,0.0000,-6683.3994,3886822,0.4577,-3291.70
3855143,1752927660,BTC,2500,2500,0.4932,-34.9507,0.0014,0.0000,-6612.3301,3855034,0.4579,-3256.16
3886932,1754841600,BTC,2500,2500,0.4932,-34.9507,0.0014,0.0000,-6683.4189,3886823,0.4577,-3291.71
3855144,1752927720,BTC,2500,2500,0.4932,-34.9507,0.0014,0.0000,-6612.3496,3855035,0.4579,-3256.17
3855145,1752927780,BTC,2500,2500,0.4932,-34.9507,0.0014,0.0000,-6612.3696,3855036,0.4579,-3256.18
3886933,1754841660,BTC,2500,2500,0.4932,-34.9507,0.0014,0.0000,-6683.4390,3886824,0.4577,-3291.72
3886934,1754841720,BTC,2500,2500,0.4932,-34.9507,0.0014,0.0000,-6683.4585,3886825,0.4577,-3291.73
3855146,1752927840,BTC,2500,2500,0.4932,-34.9507,0.0014,0.0000,-6612.3892,3855037,0.4579,-3256.19
3886935,1754841780,BTC,2500,2500,0.4932,-34.9507,0.0014,0.0000,-6683.4795,3886826,0.4577,-3291.74
3855147,1752927900,BTC,2500,2500,0.4932,-34.9507,0.0014,0.0000,-6612.4102,3855038,0.4579,-3256.20
3886936,1754841840,BTC,2500,2500,0.4932,-34.9507,0.0014,0.0000,-6683.4990,3886827,0.4577,-3291.75
3855148,1752927960,BTC,2500,2500,0.4932,-34.9507,0.0014,0.0000,-6612.4297,3855039,0.4579,-3256.21
3886937,1754841900,BTC,2500,2500,0.4932,-34.9507,0.0014,0.0000,-6683.4795,3886828,0.4577,-3291.74
3855149,1752928020,BTC,2500,2500,0.4932,-34.9507,0.0014,0.0000,-6612.4497,3855040,0.4579,-3256.22
3886938,1754841960,BTC,2500,2500,0.4932,-34.9507,0.0014,0.0000,-6683.4990,3886829,0.4577,-3291.75
3855150,1752928080,BTC,2500,2500,0.4932,-34.9507,0.0014,0.0000,-6612.4297,3855041,0.4579,-3256.21
3886939,1754842020,BTC,2500,2500,0.4932,-34.9507,0.0014,0.0000,-6683.5190,3886830,0.4577,-3291.76
3855151,1752928140,BTC,2500,2500,0.4932,-34.9507,0.0014,0.0000,-6612.4102,3855042,0.4579,-3256.20
3855152,1752928200,BTC,2500,2500,0.4932,-34.9507,0.0014,0.0000,-6612.4297,3855043,0.4579,-3256.21
3886940,1754842080,BTC,2500,2500,0.4932,-34.9507,0.0014,0.0000,-6683.5391,3886831,0.4577,-3291.77
3855153,1752928260,BTC,2500,2500,0.4932,-34.9507,0.0014,0.0000,-6612.4102,3855044,0.4579,-3256.20
3886941,1754842140,BTC,2500,2500,0.4932,-34.9507,0.0014,0.0000,-6683.5596,3886832,0.4577,-3291.78
3855154,1752928320,BTC,2500,2500,0.4932,-34.9507,0.0014,0.0000,-6612.3892,3855045,0.4579,-3256.19
3886942,1754842200,BTC,2500,2500,0.4932,-34.9507,0.0014,0.0000,-6683.5391,3886833,0.4577,-3291.77
3886943,1754842260,BTC,2500,2500,0.4932,-34.9507,0.0014,0.0000,-6683.5190,3886834,0.4577,-3291.76
3855155,1752928380,BTC,2500,2500,0.4932,-34.9507,0.0014,0.0000,-6612.4102,3855046,0.4579,-3256.20
3855156,1752928440,BTC,2500,2500,0.4932,-34.9507,0.0014,0.0000,-6612.4297,3855047,0.4579,-3256.21
3886944,1754842320,BTC,2500,2500,0.4932,-34.9507,0.0014,0.0000,-6683.5391,3886835,0.4577,-3291.77
3855157,1752928500,BTC,2500,2500,0.4932,-34.9507,0.0014,0.0000,-6612.4102,3855048,0.4579,-3256.20
3886945,1754842380,BTC,2500,2500,0.4932,-34.9507,0.0014,0.0000,-6683.5596,3886836,0.4577,-3291.78
3855158,1752928560,BTC,2500,2500,0.4932,-34.9507,0.0014,0.0000,-6612.3892,3855049,0.4579,-3256.19
3886946,1754842440,BTC,2500,2500,0.4932,-34.9507,0.0014,0.0000,-6683.5391,3886837,0.4577,-3291.77
3855159,1752928620,BTC,2500,2500,0.4932,-34.9507,0.0014,0.0000,-6612.4102,3855050,0.4579,-3256.20
3886947,1754842500,BTC,2500,2500,0.4932,-34.9507,0.0014,0.0000,-6683.5190,3886838,0.4577,-3291.76
3855160,1752928680,BTC,2500,2500,0.4932,-34.9507,0.0014,0.0000,-6612.3892,3855051,0.4579,-3256.19
3886948,1754842560,BTC,2500,2500,0.4932,-34.9507,0.0014,0.0000,-6683.4990,3886839,0.4577,-3291.75
3855161,1752928740,BTC,2500,2500,0.4932,-34.9507,0.0014,0.0000,-6612.3696,3855052,0.4579,-3256.18
3886949,1754842620,BTC,2500,2500,0.4932,-34.9507,0.0014,0.0000,-6683.4795,3886840,0.4577,-3291.74
3855162,1752928800,BTC,2500,2500,0.4932,-34.9507,0.0014,0.0000,-6612.3892,3855053,0.4579,-3256.19
3886950,1754842680,BTC,2500,2500,0.4932,-34.9507,0.0014,0.0000,-6683.4990,3886841,0.4577,-3291.75
3855163,1752928860,BTC,2500,2500,0.4932,-34.9507,0.0014,0.0000,-6612.3696,3855054,0.4579,-3256.18
3886951,1754842740,BTC,2500,2500,0.4932,-34.9507,0.0014,0.0000,-6683.4795,3886842,0.4577,-3291.74
3855164,1752928920,BTC,2500,2500,0.4932,-34.9507,0.0014,0.0000,-6612.3892,3855055,0.4579,-3256.19
3886952,1754842800,BTC,2500,2500,0.4932,-34.9507,0.0014,0.0000,-6683.4990,3886843,0.4577,-3291.75
3855165,1752928980,BTC,2500,2500,0.4932,-34.9507,0.0014,0.0000,-6612.3696,3855056,0.4579,-3256.18
3886953,1754842860,BTC,2500,2500,0.4932,-34.9507,0.0014,0.0000,-6683.4795,3886844,0.4577,-3291.74
3855166,1752929040,BTC,2500,2500,0.4932,-34.9507,0.0014,0.0000,-6612.3496,3855057,0.4579,-3256.17
3886954,1754842920,BTC,2500,2500,0.4932,-34.9507,0.0014,0.0000,-6683.4585,3886845,0.4577,-3291.73
3855167,1752929100,BTC,2500,2500,0.4932,-34.9507,0.0014,0.0000,-6612.3301,3855058,0.4579,-3256.16
3886955,1754842980,BTC,2500,2500,0.4932,-34.9507,0.0014,0.0000,-6683.4390,3886846,0.4577,-3291.72
3855168,1752929160,BTC,2500,2500,0.4932,-34.9507,0.0014,0.0000,-6612.3496,3855059,0.4579,-3256.17
3886956,1754843040,BTC,2500,2500,0.4932,-34.9507,0.0014,0.0000,-6683.4189,3886847,0.4577,-3291.71
3855169,1752929220,BTC,2500,2500,0.4932,-34.9507,0.0014,0.0000,-6612.3696,3855060,0.4579,-3256.18
3886957,1754843100,BTC,2500,2500,0.4932,-34.9507,0.0014,0.0000,-6683.4390,3886848,0.4577,-3291.72
3855170,1752929280,BTC,2500,2500,0.4932,-34.9507,0.0014,0.0000,-6612.3892,3855061,0.4579,-3256.19
3886958,1754843160,BTC,2500,2500,0.4932,-34.9507,0.0014,0.0000,-6683.4585,3886849,0.4577,-3291.73
3855171,1752929340,BTC,2500,2500,0.4932,-34.9507,0.0014,0.0000,-6612.4102,3855062,0.4579,-3256.20
3886959,1754843220,BTC,2500,2500,0.4932,-34.9507,0.0014,0.0000,-6683.4390,3886850,0.4577,-3291.72
3855172,1752929400,BTC,2500,2500,0.4932,-34.9507,0.0014,0.0000,-6612.4297,3855063,0.4579,-3256.21
3886960,1754843280,BTC,2500,2500,0.4932,-34.9507,0.0014,0.0000,-6683.4189,3886851,0.4577,-3291.71
3855173,1752929460,BTC,2500,2500,0.4932,-34.9507,0.0014,0.0000,-6612.4102,3855064,0.4579,-3256.20
3886961,1754843340,BTC,2500,2500,0.4932,-34.9507,0.0014,0.0000,-6683.3994,3886852,0.4577,-3291.70
3855174,1752929520,BTC,2500,2500,0.4932,-34.9507,0.0014,0.0000,-6612.4297,3855065,0.4579,-3256.21
3886962,1754843400,BTC,2500,2500,0.4932,-34.9507,0.0014,0.0000,-6683.4189,3886853,0.4577,-3291.71
3855175,1752929580,BTC,2500,2500,0.4932,-34.9507,0.0014,0.0000,-6612.4102,3855066,0.4579,-3256.20
3886963,1754843460,BTC,2500,2500,0.4932,-34.9507,0.0014,0.0000,-6683.3994,3886854,0.4577,-3291.70
3855176,1752929640,BTC,2500,2500,0.4932,-34.9507,0.0014,0.0000,-6612.4297,3855067,0.4579,-3256.21
3886964,1754843520,BTC,2500,2500,0.4932,-34.9507,0.0014,0.0000,-6683.3784,3886855,0.4577,-3291.69
3855177,1752929700,BTC,2500,2500,0.4932,-34.9507,0.0014,0.0000,-6612.4497,3855068,0.4579,-3256.22
3886965,1754843580,BTC,2500,2500,0.4932,-34.9507,0.0014,0.0000,-6683.3589,3886856,0.4577,-3291.68
3855178,1752929760,BTC,2500,2500,0.4932,-34.9507,0.0014,0.0000,-6612.4297,3855069,0.4579,-3256.21
3886966,1754843640,BTC,2500,2500,0.4932,-34.9507,0.0014,0.0000,-6683.3784,3886857,0.4577,-3291.69
3855179,1752929820,BTC,2500,2500,0.4932,-34.9507,0.0014,0.0000,-6612.4102,3855070,0.4579,-3256.20
3886967,1754843700,BTC,2500,2500,0.4932,-34.9507,0.0014,0.0000,-6683.3994,3886858,0.4577,-3291.70
3855180,1752929880,BTC,2500,2500,0.4932,-34.9507,0.0014,0.0000,-6612.3892,3855071,0.4579,-3256.19
3886968,1754843760,BTC,2500,2500,0.4932,-34.9507,0.0014,0.0000,-6683.4189,3886859,0.4577,-3291.71
3855181,1752929940,BTC,2500,2500,0.4932,-34.9507,0.0014,0.0000,-6612.3696,3855072,0.4579,-3256.18
3886969,1754843820,BTC,2500,2500,0.4932,-34.9507,0.0014,0.0000,-6683.4390,3886860,0.4577,-3291.72
3855182,1752930000,BTC,2500,2500,0.4932,-34.9507,0.0014,0.0000,-6612.3892,3855073,0.4579,-3256.19
3886970,1754843880,BTC,2500,2500,0.4932,-34.9507,0.0014,0.0000,-6683.4189,3886861,0.4577,-3291.71
3855183,1752930060,BTC,2500,2500,0.4932,-34.9507,0.0014,0.0000,-6612.4102,3855074,0.4579,-3256.20
3886971,1754843940,BTC,2500,2500,0.4932,-34.9507,0.0014,0.0000,-6683.4390,3886862,0.4577,-3291.72
3855184,1752930120,BTC,2500,2500,0.4932,-34.9507,0.0014,0.0000,-6612.4297,3855075,0.4579,-3256.21
3886972,1754844000,BTC,2500,2500,0.4932,-34.9507,0.0014,0.0000,-6683.4189,3886863,0.4577,-3291.71
3855185,1752930180,BTC,2500,2500,0.4932,-34.9507,0.0014,0.0000,-6612.4497,3855076,0.4579,-3256.22
3886973,1754844060,BTC,2500,2500,0.4932,-34.9507,0.0014,0.0000,-6683.4390,3886864,0.4577,-3291.72
3855186,1752930240,BTC,2500,2500,0.4932,-34.9507,0.0014,0.0000,-6612.4697,3855077,0.4579,-3256.23
3886974,1754844120,BTC,2500,2500,0.4932,-34.9507,0.0014,0.0000,-6683.4585,3886865,0.4577,-3291.73
3855187,1752930300,BTC,2500,2500,0.4932,-34.9507,0.0014,0.0000,-6612.4497,3855078,0.4579,-3256.22
3886975,1754844180,BTC,2500,2500,0.4932,-34.9507,0.0014,0.0000,-6683.4795,3886866,0.4577,-3291.74
3855188,1752930360,BTC,2500,2500,0.4932,-34.9507,0.0014,0.0000,-6612.4297,3855079,0.4579,-3256.21
3886976,1754844240,BTC,2500,2500,0.4932,-34.9507,0.0014,0.0000,-6683.4990,3886867,0.4577,-3291.75
3855189,1752930420,BTC,2500,2500,0.4932,-34.9507,0.0014,0.0000,-6612.4102,3855080,0.4579,-3256.20
3886977,1754844300,BTC,2500,2500,0.4932,-34.9507,0.0014,0.0000,-6683.5190,3886868,0.4577,-3291.76
3855190,1752930480,BTC,2500,2500,0.4932,-34.9507,0.0014,0.0000,-6612.3892,3855081,0.4579,-3256.19
3886978,1754844360,BTC,2500,2500,0.4932,-34.9507,0.0014,0.0000,-6683.4990,3886869,0.4577,-3291.75
3855191,1752930540,BTC,2500,2500,0.4932,-34.9507,0.0014,0.0000,-6612.3696,3855082,0.4579,-3256.18
3886979,1754844420,BTC,2500,2500,0.4932,-34.9507,0.0014,0.0000,-6683.4795,3886870,0.4577,-3291.74
3855192,1752930600,BTC,2500,2500,0.4932,-34.9507,0.0014,0.0000,-6612.3892,3855083,0.4579,-3256.19
3886980,1754844480,BTC,2500,2500,0.4932,-34.9507,0.0014,0.0000,-6683.4990,3886871,0.4577,-3291.75
3855193,1752930660,BTC,2500,2500,0.4932,-34.9507,0.0014,0.0000,-6612.3696,3855084,0.4579,-3256.18
3886981,1754844540,BTC,2500,2500,0.4932,-34.9507,0.0014,0.0000,-6683.4795,3886872,0.4577,-3291.74
3855194,1752930720,BTC,2500,2500,0.4932,-34.9507,0.0014,0.0000,-6612.3892,3855085,0.4579,-3256.19
3886982,1754844600,BTC,2500,2500,0.4932,-34.9507,0.0014,0.0000,-6683.4585,3886873,0.4577,-3291.73
3855195,1752930780,BTC,2500,2500,0.4932,-34.9507,0.0014,0.0000,-6612.4102,3855086,0.4579,-3256.20
3886983,1754844660,BTC,2500,2500,0.4932,-34.9507,0.0014,0.0000,-6683.4390,3886874,0.4577,-3291.72
3855196,1752930840,BTC,2500,2500,0.4932,-34.9507,0.0014,0.0000,-6612.4297,3855087,0.4579,-3256.21
3886984,1754844720,BTC,2500,2500,0.4932,-34.9507,0.0014,0.0000,-6683.4585,3886875,0.4577,-3291.73
3855197,1752930900,BTC,2500,2500,0.4932,-34.9507,0.0014,0.0000,-6612.4497,3855088,0.4579,-3256.22
3886985,1754844780,BTC,2500,2500,0.4932,-34.9507,0.0014,0.0000,-6683.4390,3886876,0.4577,-3291.72
3855198,1752930960,BTC,2500,2500,0.4932,-34.9507,0.0014,0.0000,-6612.4297,3855089,0.4579,-3256.21
3886986,1754844840,BTC,2500,2500,0.4932,-34.9507,0.0014,0.0000,-6683.4189,3886877,0.4577,-3291.71
3855199,1752931020,BTC,2500,2500,0.4932,-34.9507,0.0014,0.0000,-6612.4497,3855090,0.4579,-3256.22
3886987,1754844900,BTC,2500,2500,0.4932,-34.9507,0.0014,0.0000,-6683.3994,3886878,0.4577,-3291.70
3855200,1752931080,BTC,2500,2500,0.4932,-34.9507,0.0014,0.0000,-6612.4697,3855091,0.4579,-3256.23
3886988,1754844960,BTC,2500,2500,0.4932,-34.9507,0.0014,0.0000,-6683.4189,3886879,0.4577,-3291.71
3855201,1752931140,BTC,2500,2500,0.4932,-34.9507,0.0014,0.0000,-6612.4902,3855092,0.4579,-3256.24
3886989,1754845020,BTC,2500,2500,0.4932,-34.9507,0.0014,0.0000,-6683.4390,3886880,0.4577,-3291.72
3855202,1752931200,BTC,2500,2500,0.4932,-34.9507,0.0014,0.0000,-6612.5098,3855093,0.4579,-3256.25
3886990,1754845080,BTC,2500,2500,0.4932,-34.9507,0.0014,0.0000,-6683.4585,3886881,0.4577,-3291.73
3855203,1752931260,BTC,2500,2500,0.4932,-34.9507,0.0014,0.0000,-6612.5298,3855094,0.4579,-3256.26
3886991,1754845140,BTC,2500,2500,0.4932,-34.9507,0.0014,0.0000,-6683.4390,3886882,0.4577,-3291.72
3855204,1752931320,BTC,2500,2500,0.4932,-34.9507,0.0014,0.0000,-6612.5098,3855095,0.4579,-3256.25
3886992,1754845200,BTC,2500,2500,0.4932,-34.9507,0.0014,0.0000,-6683.4189,3886883,0.4577,-3291.71
3855205,1752931380,BTC,2500,2500,0.4932,-34.9507,0.0014,0.0000,-6612.5298,3855096,0.4579,-3256.26
3886993,1754845260,BTC,2500,2500,0.4932,-34.9507,0.0014,0.0000,-6683.3994,3886884,0.4577,-3291.70
3855206,1752931440,BTC,2500,2500,0.4932,-34.9507,0.0014,0.0000,-6612.5098,3855097,0.4579,-3256.25
3886994,1754845320,BTC,2500,2500,0.4932,-34.9507,0.0014,0.0000,-6683.3784,3886885,0.4577,-3291.69
3855207,1752931500,BTC,2500,2500,0.4932,-34.9507,0.0014,0.0000,-6612.4902,3855098,0.4579,-3256.24
3886995,1754845380,BTC,2500,2500,0.4932,-34.9507,0.0014,0.0000,-6683.3994,3886886,0.4577,-3291.70
3855208,1752931560,BTC,2500,2500,0.4932,-34.9507,0.0014,0.0000,-6612.5098,3855099,0.4579,-3256.25
3886996,1754845440,BTC,2500,2500,0.4932,-34.9507,0.0014,0.0000,-6683.3784,3886887,0.4577,-3291.69
3855209,1752931620,BTC,2500,2500,0.4932,-34.9507,0.0014,0.0000,-6612.4902,3855100,0.4579,-3256.24
3886997,1754845500,BTC,2500,2500,0.4932,-34.9507,0.0014,0.0000,-6683.3994,3886888,0.4577,-3291.70
3855210,1752931680,BTC,2500,2500,0.4932,-34.9507,0.0014,0.0000,-6612.5098,3855101,0.4579,-3256.25
3886998,1754845560,BTC,2500,2500,0.4932,-34.9507,0.0014,0.0000,-6683.3784,3886889,0.4577,-3291.69
3855211,1752931740,BTC,2500,2500,0.4932,-34.9507,0.0014,0.0000,-6612.5298,3855102,0.4579,-3256.26
3886999,1754845620,BTC,2500,2500,0.4932,-34.9507,0.0014,0.0000,-6683.3589,3886890,0.4577,-3291.68
3855212,1752931800,BTC,2500,2500,0.4932,-34.9507,0.0014,0.0000,-6612.5098,3855103,0.4579,-3256.25
3887000,1754845680,BTC,2500,2500,0.4932,-34.9507,0.0014,0.0000,-6683.3784,3886891,0.4577,-3291.69
3855213,1752931860,BTC,2500,2500,0.4932,-34.9507,0.0014,0.0000,-6612.5298,3855104,0.4579,-3256.26
3887001,1754845740,BTC,2500,2500,0.4932,-34.9507,0.0014,0.0000,-6683.3994,3886892,0.4577,-3291.70
3855214,1752931920,BTC,2500,2500,0.4932,-34.9507,0.0014,0.0000,-6612.5498,3855105,0.4579,-3256.27
3887002,1754845800,BTC,2500,2500,0.4932,-34.9507,0.0014,0.0000,-6683.4189,3886893,0.4577,-3291.71
3855215,1752931980,BTC,2500,2500,0.4932,-34.9507,0.0014,0.0000,-6612.5298,3855106,0.4579,-3256.26
3887003,1754845860,BTC,2500,2500,0.4932,-34.9507,0.0014,0.0000,-6683.4390,3886894,0.4577,-3291.72
3855216,1752932040,BTC,2500,2500,0.4932,-34.9507,0.0014,0.0000,-6612.5498,3855107,0.4579,-3256.27
3887004,1754845920,BTC,2500,2500,0.4932,-34.9507,0.0014,0.0000,-6683.4189,3886895,0.4577,-3291.71
3855217,1752932100,BTC,2500,2500,0.4932,-34.9507,0.0014,0.0000,-6612.5298,3855108,0.4579,-3256.26
3887005,1754845980,BTC,2500,2500,0.4932,-34.9507,0.0014,0.0000,-6683.3994,3886896,0.4577,-3291.70
3855218,1752932160,BTC,2500,2500,0.4932,-34.9507,0.0014,0.0000,-6612.5498,3855109,0.4579,-3256.27
3887006,1754846040,BTC,2500,2500,0.4932,-34.9507,0.0014,0.0000,-6683.3784,3886897,0.4577,-3291.69
3855219,1752932220,BTC,2500,2500,0.4932,-34.9507,0.0014,0.0000,-6612.5703,3855110,0.4579,-3256.28
3887007,1754846100,BTC,2500,2500,0.4932,-34.9507,0.0014,0.0000,-6683.3589,3886898,0.4577,-3291.68
3855220,1752932280,BTC,2500,2500,0.4932,-34.9507,0.0014,0.0000,-6612.5898,3855111,0.4579,-3256.29
3887008,1754846160,BTC,2500,2500,0.4932,-34.9507,0.0014,0.0000,-6683.3389,3886899,0.4577,-3291.67
3855221,1752932340,BTC,2500,2500,0.4932,-34.9507,0.0014,0.0000,-6612.6099,3855112,0.4579,-3256.30
3855222,1752932400,BTC,2500,2500,0.4932,-34.9507,0.0014,0.0000,-6612.6299,3855113,0.4579,-3256.31
3887009,1754846220,BTC,2500,2500,0.4932,-34.9507,0.0014,0.0000,-6683.3193,3886900,0.4577,-3291.66
3855223,1752932460,BTC,2500,2500,0.4932,-34.9507,0.0014,0.0000,-6612.6099,3855114,0.4579,-3256.30
3887010,1754846280,BTC,2500,2500,0.4932,-34.9507,0.0014,0.0000,-6683.3389,3886901,0.4577,-3291.67
3855224,1752932520,BTC,2500,2500,0.4932,-34.9507,0.0014,0.0000,-6612.5898,3855115,0.4579,-3256.29
3887011,1754846340,BTC,2500,2500,0.4932,-34.9507,0.0014,0.0000,-6683.3589,3886902,0.4577,-3291.68
3855225,1752932580,BTC,2500,2500,0.4932,-34.9507,0.0014,0.0000,-6612.5703,3855116,0.4579,-3256.28
3855226,1752932640,BTC,2500,2500,0.4932,-34.9507,0.0014,0.0000,-6612.5898,3855117,0.4579,-3256.29
3887012,1754846400,BTC,2500,2500,0.4932,-34.9507,0.0014,0.0000,-6683.3389,3886903,0.4577,-3291.67
3855227,1752932700,BTC,2500,2500,0.4932,-34.9507,0.0014,0.0000,-6612.6099,3855118,0.4579,-3256.30
3887013,1754846460,BTC,2500,2500,0.4932,-34.9507,0.0014,0.0000,-6683.3193,3886904,0.4577,-3291.66
3855228,1752932760,BTC,2500,2500,0.4932,-34.9507,0.0014,0.0000,-6612.5898,3855119,0.4579,-3256.29
3887014,1754846520,BTC,2500,2500,0.4932,-34.9507,0.0014,0.0000,-6683.3389,3886905,0.4577,-3291.67
3855229,1752932820,BTC,2500,2500,0.4932,-34.9507,0.0014,0.0000,-6612.6099,3855120,0.4579,-3256.30
3887015,1754846580,BTC,2500,2500,0.4932,-34.9507,0.0014,0.0000,-6683.3193,3886906,0.4577,-3291.66
3855230,1752932880,BTC,2500,2500,0.4932,-34.9507,0.0014,0.0000,-6612.6299,3855121,0.4579,-3256.31
3887016,1754846640,BTC,2500,2500,0.4932,-34.9507,0.0014,0.0000,-6683.2983,3886907,0.4577,-3291.65
3855231,1752932940,BTC,2500,2500,0.4932,-34.9507,0.0014,0.0000,-6612.6099,3855122,0.4579,-3256.30
3887017,1754846700,BTC,2500,2500,0.4932,-34.9507,0.0014,0.0000,-6683.2788,3886908,0.4577,-3291.64
3855232,1752933000,BTC,2500,2500,0.4932,-34.9507,0.0014,0.0000,-6612.5898,3855123,0.4579,-3256.29
3887018,1754846760,BTC,2500,2500,0.4932,-34.9507,0.0014,0.0000,-6683.2983,3886909,0.4577,-3291.65
3855233,1752933060,BTC,2500,2500,0.4932,-34.9507,0.0014,0.0000,-6612.6099,3855124,0.4579,-3256.30
3887019,1754846820,BTC,2500,2500,0.4932,-34.9507,0.0014,0.0000,-6683.3193,3886910,0.4577,-3291.66
3855234,1752933120,BTC,2500,2500,0.4932,-34.9507,0.0014,0.0000,-6612.6299,3855125,0.4579,-3256.31
3887020,1754846880,BTC,2500,2500,0.4932,-34.9507,0.0014,0.0000,-6683.2983,3886911,0.4577,-3291.65
3855235,1752933180,BTC,2500,2500,0.4932,-34.9507,0.0014,0.0000,-6612.6099,3855126,0.4579,-3256.30
3887021,1754846940,BTC,2500,2500,0.4932,-34.9507,0.0014,0.0000,-6683.2788,3886912,0.4577,-3291.64
3855236,1752933240,BTC,2500,2500,0.4932,-34.9507,0.0014,0.0000,-6612.5898,3855127,0.4579,-3256.29
3887022,1754847000,BTC,2500,2500,0.4932,-34.9507,0.0014,0.0000,-6683.2983,3886913,0.4577,-3291.65
3855237,1752933300,BTC,2500,2500,0.4932,-34.9507,0.0014,0.0000,-6612.6099,3855128,0.4579,-3256.30
3887023,1754847060,BTC,2500,2500,0.4932,-34.9507,0.0014,0.0000,-6683.3193,3886914,0.4577,-3291.66
3855238,1752933360,BTC,2500,2500,0.4932,-34.9507,0.0014,0.0000,-6612.5898,3855129,0.4579,-3256.29
3887024,1754847120,BTC,2500,2500,0.4932,-34.9507,0.0014,0.0000,-6683.3389,3886915,0.4577,-3291.67
3855239,1752933420,BTC,2500,2500,0.4932,-34.9507,0.0014,0.0000,-6612.5703,3855130,0.4579,-3256.28
3887025,1754847180,BTC,2500,2500,0.4932,-34.9507,0.0014,0.0000,-6683.3589,3886916,0.4577,-3291.68
3855240,1752933480,BTC,2500,2500,0.4932,-34.9507,0.0014,0.0000,-6612.5898,3855131,0.4579,-3256.29
3855241,1752933540,BTC,2500,2500,0.4932,-34.9507,0.0014,0.0000,-6612.6099,3855132,0.4579,-3256.30
3887026,1754847240,BTC,2500,2500,0.4932,-34.9507,0.0014,0.0000,-6683.3784,3886917,0.4577,-3291.69
3855242,1752933600,BTC,2500,2500,0.4932,-34.9507,0.0014,0.0000,-6612.6299,3855133,0.4579,-3256.31
3887027,1754847300,BTC,2500,2500,0.4932,-34.9507,0.0014,0.0000,-6683.3994,3886918,0.4577,-3291.70
3887028,1754847360,BTC,2500,2500,0.4932,-34.9507,0.0014,0.0000,-6683.4189,3886919,0.4577,-3291.71
3855243,1752933660,BTC,2500,2500,0.4932,-34.9507,0.0014,0.0000,-6612.6099,3855134,0.4579,-3256.30
3887029,1754847420,BTC,2500,2500,0.4932,-34.9507,0.0014,0.0000,-6683.3994,3886920,0.4577,-3291.70
3855244,1752933720,BTC,2500,2500,0.4932,-34.9507,0.0014,0.0000,-6612.5898,3855135,0.4579,-3256.29
3887030,1754847480,BTC,2500,2500,0.4932,-34.9507,0.0014,0.0000,-6683.4189,3886921,0.4577,-3291.71
3855245,1752933780,BTC,2500,2500,0.4932,-34.9507,0.0014,0.0000,-6612.6099,3855136,0.4579,-3256.30
3887031,1754847540,BTC,2500,2500,0.4932,-34.9507,0.0014,0.0000,-6683.3994,3886922,0.4577,-3291.70
3855246,1752933840,BTC,2500,2500,0.4932,-34.9507,0.0014,0.0000,-6612.6299,3855137,0.4579,-3256.31
3887032,1754847600,BTC,2500,2500,0.4932,-34.9507,0.0014,0.0000,-6683.4189,3886923,0.4577,-3291.71
3855247,1752933900,BTC,2500,2500,0.4932,-34.9507,0.0014,0.0000,-6612.6099,3855138,0.4579,-3256.30
3855248,1752933960,BTC,2500,2500,0.4932,-34.9507,0.0014,0.0000,-6612.5898,3855139,0.4579,-3256.29
3887033,1754847660,BTC,2500,2500,0.4932,-34.9507,0.0014,0.0000,-6683.3994,3886924,0.4577,-3291.70
3855249,1752934020,BTC,2500,2500,0.4932,-34.9507,0.0014,0.0000,-6612.5703,3855140,0.4579,-3256.28
3887034,1754847720,BTC,2500,2500,0.4932,-34.9507,0.0014,0.0000,-6683.4189,3886925,0.4577,-3291.71
3855250,1752934080,BTC,2500,2500,0.4932,-34.9507,0.0014,0.0000,-6612.5898,3855141,0.4579,-3256.29
3855251,1752934140,BTC,2500,2500,0.4932,-34.9507,0.0014,0.0000,-6612.5703,3855142,0.4579,-3256.28
3887035,1754847780,BTC,2500,2500,0.4932,-34.9507,0.0014,0.0000,-6683.4390,3886926,0.4577,-3291.72
3855252,1752934200,BTC,2500,2500,0.4932,-34.9507,0.0014,0.0000,-6612.5498,3855143,0.4579,-3256.27
3887036,1754847840,BTC,2500,2500,0.4932,-34.9507,0.0014,0.0000,-6683.4189,3886927,0.4577,-3291.71
3855253,1752934260,BTC,2500,2500,0.4932,-34.9507,0.0014,0.0000,-6612.5703,3855144,0.4579,-3256.28
3855254,1752934320,BTC,2500,2500,0.4932,-34.9507,0.0014,0.0000,-6612.5498,3855145,0.4579,-3256.27
3887037,1754847900,BTC,2500,2500,0.4932,-34.9507,0.0014,0.0000,-6683.3994,3886928,0.4577,-3291.70
3855255,1752934380,BTC,2500,2500,0.4932,-34.9507,0.0014,0.0000,-6612.5703,3855146,0.4579,-3256.28
3887038,1754847960,BTC,2500,2500,0.4932,-34.9507,0.0014,0.0000,-6683.4189,3886929,0.4577,-3291.71
3855256,1752934440,BTC,2500,2500,0.4932,-34.9507,0.0014,0.0000,-6612.5498,3855147,0.4579,-3256.27
3887039,1754848020,BTC,2500,2500,0.4932,-34.9507,0.0014,0.0000,-6683.4390,3886930,0.4577,-3291.72
3855257,1752934500,BTC,2500,2500,0.4932,-34.9507,0.0014,0.0000,-6612.5703,3855148,0.4579,-3256.28
3887040,1754848080,BTC,2500,2500,0.4932,-34.9507,0.0014,0.0000,-6683.4585,3886931,0.4577,-3291.73
3887041,1754848140,BTC,2500,2500,0.4932,-34.9507,0.0014,0.0000,-6683.4390,3886932,0.4577,-3291.72
3855258,1752934560,BTC,2500,2500,0.4932,-34.9507,0.0014,0.0000,-6612.5898,3855149,0.4579,-3256.29
3887042,1754848200,BTC,2500,2500,0.4932,-34.9507,0.0014,0.0000,-6683.4189,3886933,0.4577,-3291.71
3855259,1752934620,BTC,2500,2500,0.4932,-34.9507,0.0014,0.0000,-6612.5703,3855150,0.4579,-3256.28
3887043,1754848260,BTC,2500,2500,0.4932,-34.9507,0.0014,0.0000,-6683.4390,3886934,0.4577,-3291.72
3887044,1754848320,BTC,2500,2500,0.4932,-34.9507,0.0014,0.0000,-6683.4189,3886935,0.4577,-3291.71
3855260,1752934680,BTC,2500,2500,0.4932,-34.9507,0.0014,0.0000,-6612.5898,3855151,0.4579,-3256.29
3887045,1754848380,BTC,2500,2500,0.4932,-34.9507,0.0014,0.0000,-6683.3994,3886936,0.4577,-3291.70
3855261,1752934740,BTC,2500,2500,0.4932,-34.9507,0.0014,0.0000,-6612.6099,3855152,0.4579,-3256.30
3887046,1754848440,BTC,2500,2500,0.4932,-34.9507,0.0014,0.0000,-6683.3784,3886937,0.4577,-3291.69
3855262,1752934800,BTC,2500,2500,0.4932,-34.9507,0.0014,0.0000,-6612.5898,3855153,0.4579,-3256.29
3887047,1754848500,BTC,2500,2500,0.4932,-34.9507,0.0014,0.0000,-6683.3994,3886938,0.4577,-3291.70
3855263,1752934860,BTC,2500,2500,0.4932,-34.9507,0.0014,0.0000,-6612.5703,3855154,0.4579,-3256.28
3887048,1754848560,BTC,2500,2500,0.4932,-34.9507,0.0014,0.0000,-6683.4189,3886939,0.4577,-3291.71
3855264,1752934920,BTC,2500,2500,0.4932,-34.9507,0.0014,0.0000,-6612.5898,3855155,0.4579,-3256.29
3887049,1754848620,BTC,2500,2500,0.4932,-34.9507,0.0014,0.0000,-6683.4390,3886940,0.4577,-3291.72
3855265,1752934980,BTC,2500,2500,0.4932,-34.9507,0.0014,0.0000,-6612.6099,3855156,0.4579,-3256.30
3887050,1754848680,BTC,2500,2500,0.4932,-34.9507,0.0014,0.0000,-6683.4189,3886941,0.4577,-3291.71
3855266,1752935040,BTC,2500,2500,0.4932,-34.9507,0.0014,0.0000,-6612.5898,3855157,0.4579,-3256.29
3887051,1754848740,BTC,2500,2500,0.4932,-34.9507,0.0014,0.0000,-6683.3994,3886942,0.4577,-3291.70
3855267,1752935100,BTC,2500,2500,0.4932,-34.9507,0.0014,0.0000,-6612.6099,3855158,0.4579,-3256.30
3887052,1754848800,BTC,2500,2500,0.4932,-34.9507,0.0014,0.0000,-6683.3784,3886943,0.4577,-3291.69
3855268,1752935160,BTC,2500,2500,0.4932,-34.9507,0.0014,0.0000,-6612.5898,3855159,0.4579,-3256.29
3887053,1754848860,BTC,2500,2500,0.4932,-34.9507,0.0014,0.0000,-6683.3589,3886944,0.4577,-3291.68
3855269,1752935220,BTC,2500,2500,0.4932,-34.9507,0.0014,0.0000,-6612.5703,3855160,0.4579,-3256.28
3887054,1754848920,BTC,2500,2500,0.4932,-34.9507,0.0014,0.0000,-6683.3389,3886945,0.4577,-3291.67
3855270,1752935280,BTC,2500,2500,0.4932,-34.9507,0.0014,0.0000,-6612.5898,3855161,0.4579,-3256.29
3887055,1754848980,BTC,2500,2500,0.4932,-34.9507,0.0014,0.0000,-6683.3193,3886946,0.4577,-3291.66
3855271,1752935340,BTC,2500,2500,0.4932,-34.9507,0.0014,0.0000,-6612.5703,3855162,0.4579,-3256.28
3887056,1754849040,BTC,2500,2500,0.4932,-34.9507,0.0014,0.0000,-6683.3389,3886947,0.4577,-3291.67
3855272,1752935400,BTC,2500,2500,0.4932,-34.9507,0.0014,0.0000,-6612.5898,3855163,0.4579,-3256.29
3887057,1754849100,BTC,2500,2500,0.4932,-34.9507,0.0014,0.0000,-6683.3589,3886948,0.4577,-3291.68
3887058,1754849160,BTC,2500,2500,0.4932,-34.9507,0.0014,0.0000,-6683.3784,3886949,0.4577,-3291.69
3855273,1752935460,BTC,2500,2500,0.4932,-34.9507,0.0014,0.0000,-6612.5703,3855164,0.4579,-3256.28
3887059,1754849220,BTC,2500,2500,0.4932,-34.9507,0.0014,0.0000,-6683.3994,3886950,0.4577,-3291.70
3855274,1752935520,BTC,2500,2500,0.4932,-34.9507,0.0014,0.0000,-6612.5498,3855165,0.4579,-3256.27
3887060,1754849280,BTC,2500,2500,0.4932,-34.9507,0.0014,0.0000,-6683.4189,3886951,0.4577,-3291.71
3855275,1752935580,BTC,2500,2500,0.4932,-34.9507,0.0014,0.0000,-6612.5703,3855166,0.4579,-3256.28
3887061,1754849340,BTC,2500,2500,0.4932,-34.9507,0.0014,0.0000,-6683.3994,3886952,0.4577,-3291.70
3855276,1752935640,BTC,2500,2500,0.4932,-34.9507,0.0014,0.0000,-6612.5498,3855167,0.4579,-3256.27
3887062,1754849400,BTC,2500,2500,0.4932,-34.9507,0.0014,0.0000,-6683.3784,3886953,0.4577,-3291.69
3855277,1752935700,BTC,2500,2500,0.4932,-34.9507,0.0014,0.0000,-6612.5298,3855168,0.4579,-3256.26
3887063,1754849460,BTC,2500,2500,0.4932,-34.9507,0.0014,0.0000,-6683.3994,3886954,0.4577,-3291.70
3855278,1752935760,BTC,2500,2500,0.4932,-34.9507,0.0014,0.0000,-6612.5498,3855169,0.4579,-3256.27
3887064,1754849520,BTC,2500,2500,0.4932,-34.9507,0.0014,0.0000,-6683.4189,3886955,0.4577,-3291.71
3855279,1752935820,BTC,2500,2500,0.4932,-34.9507,0.0014,0.0000,-6612.5703,3855170,0.4579,-3256.28
3887065,1754849580,BTC,2500,2500,0.4932,-34.9507,0.0014,0.0000,-6683.4390,3886956,0.4577,-3291.72
3855280,1752935880,BTC,2500,2500,0.4932,-34.9507,0.0014,0.0000,-6612.5498,3855171,0.4579,-3256.27
3887066,1754849640,BTC,2500,2500,0.4932,-34.9507,0.0014,0.0000,-6683.4585,3886957,0.4577,-3291.73
3855281,1752935940,BTC,2500,2500,0.4932,-34.9507,0.0014,0.0000,-6612.5703,3855172,0.4579,-3256.28
3887067,1754849700,BTC,2500,2500,0.4932,-34.9507,0.0014,0.0000,-6683.4390,3886958,0.4577,-3291.72
3855282,1752936000,BTC,2500,2500,0.4932,-34.9507,0.0014,0.0000,-6612.5498,3855173,0.4579,-3256.27
3887068,1754849760,BTC,2500,2500,0.4932,-34.9507,0.0014,0.0000,-6683.4189,3886959,0.4577,-3291.71
3855283,1752936060,BTC,2500,2500,0.4932,-34.9507,0.0014,0.0000,-6612.5298,3855174,0.4579,-3256.26
3887069,1754849820,BTC,2500,2500,0.4932,-34.9507,0.0014,0.0000,-6683.3994,3886960,0.4577,-3291.70
3855284,1752936120,BTC,2500,2500,0.4932,-34.9507,0.0014,0.0000,-6612.5498,3855175,0.4579,-3256.27
3887070,1754849880,BTC,2500,2500,0.4932,-34.9507,0.0014,0.0000,-6683.3784,3886961,0.4577,-3291.69
3855285,1752936180,BTC,2500,2500,0.4932,-34.9507,0.0014,0.0000,-6612.5703,3855176,0.4579,-3256.28
3887071,1754849940,BTC,2500,2500,0.4932,-34.9507,0.0014,0.0000,-6683.3589,3886962,0.4577,-3291.68
3855286,1752936240,BTC,2500,2500,0.4932,-34.9507,0.0014,0.0000,-6612.5898,3855177,0.4579,-3256.29
3887072,1754850000,BTC,2500,2500,0.4932,-34.9507,0.0014,0.0000,-6683.3784,3886963,0.4577,-3291.69
3855287,1752936300,BTC,2500,2500,0.4932,-34.9507,0.0014,0.0000,-6612.6099,3855178,0.4579,-3256.30
3887073,1754850060,BTC,2500,2500,0.4932,-34.9507,0.0014,0.0000,-6683.3994,3886964,0.4577,-3291.70
3855288,1752936360,BTC,2500,2500,0.4932,-34.9507,0.0014,0.0000,-6612.6299,3855179,0.4579,-3256.31
3887074,1754850120,BTC,2500,2500,0.4932,-34.9507,0.0014,0.0000,-6683.4189,3886965,0.4577,-3291.71
3855289,1752936420,BTC,2500,2500,0.4932,-34.9507,0.0014,0.0000,-6612.6494,3855180,0.4579,-3256.32
3887075,1754850180,BTC,2500,2500,0.4932,-34.9507,0.0014,0.0000,-6683.3994,3886966,0.4577,-3291.70
3855290,1752936480,BTC,2500,2500,0.4932,-34.9507,0.0014,0.0000,-6612.6299,3855181,0.4579,-3256.31
3887076,1754850240,BTC,2500,2500,0.4932,-34.9507,0.0014,0.0000,-6683.4189,3886967,0.4577,-3291.71
3887077,1754850300,BTC,2500,2500,0.4932,-34.9507,0.0014,0.0000,-6683.4390,3886968,0.4577,-3291.72
3887078,1754850360,BTC,2500,2500,0.4932,-34.9507,0.0014,0.0000,-6683.4585,3886969,0.4577,-3291.73
3855291,1752936540,BTC,2500,2500,0.4932,-34.9507,0.0014,0.0000,-6612.6494,3855182,0.4579,-3256.32
3887079,1754850420,BTC,2500,2500,0.4932,-34.9507,0.0014,0.0000,-6683.4795,3886970,0.4577,-3291.74
3855292,1752936600,BTC,2500,2500,0.4932,-34.9507,0.0014,0.0000,-6612.6299,3855183,0.4579,-3256.31
3887080,1754850480,BTC,2500,2500,0.4932,-34.9507,0.0014,0.0000,-6683.4585,3886971,0.4577,-3291.73
3887081,1754850540,BTC,2500,2500,0.4932,-34.9507,0.0014,0.0000,-6683.4390,3886972,0.4577,-3291.72
3855293,1752936660,BTC,2500,2500,0.4932,-34.9507,0.0014,0.0000,-6612.6494,3855184,0.4579,-3256.32
3887082,1754850600,BTC,2500,2500,0.4932,-34.9507,0.0014,0.0000,-6683.4189,3886973,0.4577,-3291.71
3887083,1754850660,BTC,2500,2500,0.4932,-34.9507,0.0014,0.0000,-6683.4390,3886974,0.4577,-3291.72
3887084,1754850720,BTC,2500,2500,0.4932,-34.9507,0.0014,0.0000,-6683.4585,3886975,0.4577,-3291.73
3855294,1752936720,BTC,2500,2500,0.4932,-34.9507,0.0014,0.0000,-6612.6699,3855185,0.4579,-3256.33
3887085,1754850780,BTC,2500,2500,0.4932,-34.9507,0.0014,0.0000,-6683.4795,3886976,0.4577,-3291.74
3887086,1754850840,BTC,2500,2500,0.4932,-34.9507,0.0014,0.0000,-6683.4990,3886977,0.4577,-3291.75
3855295,1752936780,BTC,2500,2500,0.4932,-34.9507,0.0014,0.0000,-6612.6494,3855186,0.4579,-3256.32
3887087,1754850900,BTC,2500,2500,0.4932,-34.9507,0.0014,0.0000,-6683.5190,3886978,0.4577,-3291.76
3887088,1754850960,BTC,2500,2500,0.4932,-34.9507,0.0014,0.0000,-6683.5391,3886979,0.4577,-3291.77
3855296,1752936840,BTC,2500,2500,0.4932,-34.9507,0.0014,0.0000,-6612.6699,3855187,0.4579,-3256.33
3887089,1754851020,BTC,2500,2500,0.4932,-34.9507,0.0014,0.0000,-6683.5596,3886980,0.4577,-3291.78
3855297,1752936900,BTC,2500,2500,0.4932,-34.9507,0.0014,0.0000,-6612.6494,3855188,0.4579,-3256.32
3887090,1754851080,BTC,2500,2500,0.4932,-34.9507,0.0014,0.0000,-6683.5791,3886981,0.4577,-3291.79
3855298,1752936960,BTC,2500,2500,0.4932,-34.9507,0.0014,0.0000,-6612.6299,3855189,0.4579,-3256.31
3855299,1752937020,BTC,2500,2500,0.4932,-34.9507,0.0014,0.0000,-6612.6494,3855190,0.4579,-3256.32
3887091,1754851140,BTC,2500,2500,0.4932,-34.9507,0.0014,0.0000,-6683.5991,3886982,0.4577,-3291.80
3855300,1752937080,BTC,2500,2500,0.4932,-34.9507,0.0014,0.0000,-6612.6299,3855191,0.4579,-3256.31
3887092,1754851200,BTC,2500,2500,0.4932,-34.9507,0.0014,0.0000,-6683.6191,3886983,0.4577,-3291.81
3855301,1752937140,BTC,2500,2500,0.4932,-34.9507,0.0014,0.0000,-6612.6099,3855192,0.4579,-3256.30
3887093,1754851260,BTC,2500,2500,0.4932,-34.9507,0.0014,0.0000,-6683.6396,3886984,0.4577,-3291.82
3887094,1754851320,BTC,2500,2500,0.4932,-34.9507,0.0014,0.0000,-6683.6592,3886985,0.4577,-3291.83
3887095,1754851380,BTC,2500,2500,0.4932,-34.9507,0.0014,0.0000,-6683.6792,3886986,0.4577,-3291.84
3855302,1752937200,BTC,2500,2500,0.4932,-34.9507,0.0014,0.0000,-6612.6299,3855193,0.4579,-3256.31
3887096,1754851440,BTC,2500,2500,0.4932,-34.9507,0.0014,0.0000,-6683.6592,3886987,0.4577,-3291.83
3887097,1754851500,BTC,2500,2500,0.4932,-34.9507,0.0014,0.0000,-6683.6396,3886988,0.4577,-3291.82
3855303,1752937260,BTC,2500,2500,0.4932,-34.9507,0.0014,0.0000,-6612.6494,3855194,0.4579,-3256.32
3887098,1754851560,BTC,2500,2500,0.4932,-34.9507,0.0014,0.0000,-6683.6592,3886989,0.4577,-3291.83
3855304,1752937320,BTC,2500,2500,0.4932,-34.9507,0.0014,0.0000,-6612.6699,3855195,0.4579,-3256.33
3855305,1752937380,BTC,2500,2500,0.4932,-34.9507,0.0014,0.0000,-6612.6899,3855196,0.4579,-3256.34
3887099,1754851620,BTC,2500,2500,0.4932,-34.9507,0.0014,0.0000,-6683.6792,3886990,0.4577,-3291.84
3855306,1752937440,BTC,2500,2500,0.4932,-34.9507,0.0014,0.0000,-6612.7100,3855197,0.4579,-3256.35
3855307,1752937500,BTC,2500,2500,0.4932,-34.9507,0.0014,0.0000,-6612.7295,3855198,0.4579,-3256.36
3887100,1754851680,BTC,2500,2500,0.4932,-34.9507,0.0014,0.0000,-6683.6992,3886991,0.4577,-3291.85
3855308,1752937560,BTC,2500,2500,0.4932,-34.9507,0.0014,0.0000,-6612.7500,3855199,0.4579,-3256.38
3887101,1754851740,BTC,2500,2500,0.4932,-34.9507,0.0014,0.0000,-6683.7188,3886992,0.4577,-3291.86
3887102,1754851800,BTC,2500,2500,0.4932,-34.9507,0.0014,0.0000,-6683.7393,3886993,0.4577,-3291.87
3855309,1752937620,BTC,2500,2500,0.4932,-34.9507,0.0014,0.0000,-6612.7700,3855200,0.4579,-3256.39
3887103,1754851860,BTC,2500,2500,0.4932,-34.9507,0.0014,0.0000,-6683.7593,3886994,0.4577,-3291.88
3887104,1754851920,BTC,2500,2500,0.4932,-34.9507,0.0014,0.0000,-6683.7393,3886995,0.4577,-3291.87
3855310,1752937680,BTC,2500,2500,0.4932,-34.9507,0.0014,0.0000,-6612.7900,3855201,0.4579,-3256.40
3887105,1754851980,BTC,2500,2500,0.4932,-34.9507,0.0014,0.0000,-6683.7188,3886996,0.4577,-3291.86
3855311,1752937740,BTC,2500,2500,0.4932,-34.9507,0.0014,0.0000,-6612.7700,3855202,0.4579,-3256.39
3887106,1754852040,BTC,2500,2500,0.4932,-34.9507,0.0014,0.0000,-6683.6992,3886997,0.4577,-3291.85
3887107,1754852100,BTC,2500,2500,0.4932,-34.9507,0.0014,0.0000,-6683.6792,3886998,0.4577,-3291.84
3887108,1754852160,BTC,2500,2500,0.4932,-34.9507,0.0014,0.0000,-6683.6592,3886999,0.4577,-3291.83
3855312,1752937800,BTC,2500,2500,0.4932,-34.9507,0.0014,0.0000,-6612.7900,3855203,0.4579,-3256.40
3887109,1754852220,BTC,2500,2500,0.4932,-34.9507,0.0014,0.0000,-6683.6792,3887000,0.4577,-3291.84
3855313,1752937860,BTC,2500,2500,0.4932,-34.9507,0.0014,0.0000,-6612.7700,3855204,0.4579,-3256.39
3855314,1752937920,BTC,2500,2500,0.4932,-34.9507,0.0014,0.0000,-6612.7900,3855205,0.4579,-3256.40
3887110,1754852280,BTC,2500,2500,0.4932,-34.9507,0.0014,0.0000,-6683.6592,3887001,0.4577,-3291.83
3855315,1752937980,BTC,2500,2500,0.4932,-34.9507,0.0014,0.0000,-6612.7700,3855206,0.4579,-3256.39
3887111,1754852340,BTC,2500,2500,0.4932,-34.9507,0.0014,0.0000,-6683.6792,3887002,0.4577,-3291.84
3855316,1752938040,BTC,2500,2500,0.4932,-34.9507,0.0014,0.0000,-6612.7500,3855207,0.4579,-3256.38
3887112,1754852400,BTC,2500,2500,0.4932,-34.9507,0.0014,0.0000,-6683.6592,3887003,0.4577,-3291.83
3855317,1752938100,BTC,2500,2500,0.4932,-34.9507,0.0014,0.0000,-6612.7700,3855208,0.4579,-3256.39
3887113,1754852460,BTC,2500,2500,0.4932,-34.9507,0.0014,0.0000,-6683.6396,3887004,0.4577,-3291.82
3855318,1752938160,BTC,2500,2500,0.4932,-34.9507,0.0014,0.0000,-6612.7900,3855209,0.4579,-3256.40
3855319,1752938220,BTC,2500,2500,0.4932,-34.9507,0.0014,0.0000,-6612.8096,3855210,0.4579,-3256.41
3887114,1754852520,BTC,2500,2500,0.4932,-34.9507,0.0014,0.0000,-6683.6592,3887005,0.4577,-3291.83
3855320,1752938280,BTC,2500,2500,0.4932,-34.9507,0.0014,0.0000,-6612.8306,3855211,0.4579,-3256.42
3887115,1754852580,BTC,2500,2500,0.4932,-34.9507,0.0014,0.0000,-6683.6396,3887006,0.4577,-3291.82
3855321,1752938340,BTC,2500,2500,0.4932,-34.9507,0.0014,0.0000,-6612.8096,3855212,0.4579,-3256.41
3887116,1754852640,BTC,2500,2500,0.4932,-34.9507,0.0014,0.0000,-6683.6191,3887007,0.4577,-3291.81
3855322,1752938400,BTC,2500,2500,0.4932,-34.9507,0.0014,0.0000,-6612.8306,3855213,0.4579,-3256.42
3887117,1754852700,BTC,2500,2500,0.4932,-34.9507,0.0014,0.0000,-6683.5991,3887008,0.4577,-3291.80
3855323,1752938460,BTC,2500,2500,0.4932,-34.9507,0.0014,0.0000,-6612.8501,3855214,0.4579,-3256.43
3887118,1754852760,BTC,2500,2500,0.4932,-34.9507,0.0014,0.0000,-6683.6191,3887009,0.4577,-3291.81
3855324,1752938520,BTC,2500,2500,0.4932,-34.9507,0.0014,0.0000,-6612.8701,3855215,0.4579,-3256.44
3887119,1754852820,BTC,2500,2500,0.4932,-34.9507,0.0014,0.0000,-6683.5991,3887010,0.4577,-3291.80
3855325,1752938580,BTC,2500,2500,0.4932,-34.9507,0.0014,0.0000,-6612.8896,3855216,0.4579,-3256.45
